OrderID,CustomerID,EmployeeID,ShippingMethodID,OrderDate,ShipDate,FreightCharge
2,1,1,1,7/10/2003,7/10/2003,0.0
4,2,2,1,7/11/2003,7/11/2003,0.0
0,2,1,1,7/15/2003,7/15/2003,0.0
6,3,1,1,7/14/2003,7/14/2003,0.0
7,4,1,1,7/14/2003,7/15/2003,0.0
8,5,1,1,7/14/2003,7/14/2003,0.0
9,5,1,1,7/15/2003,7/15/2003,0.0
10,6,1,1,7/16/2003,7/16/2003,0.0
11,3,1,1,7/16/2003,7/16/2003,0.0
12,3,1,1,7/17/2003,7/17/2003,0.0
13,2,1,1,7/18/2003,7/18/2003,0.0
14,7,2,1,7/18/2003,7/18/2003,0.0
15,9,1,1,7/18/2003,7/18/2003,0.0
16,10,1,1,7/19/2003,7/19/2003,0.0
17,4,1,1,7/21/2003,7/21/2003,0.0
18,11,1,1,7/22/2003,7/22/2003,0.0
19,12,1,1,7/22/2003,7/22/2003,0.0
20,2,1,1,7/22/2003,7/22/2003,0.0
21,5,1,1,7/22/2003,7/22/2003,0.0
22,3,2,1,7/23/2003,7/23/2003,0.0
23,12,2,1,7/23/2003,7/23/2003,0.0
24,2,2,1,7/23/2003,7/23/2003,0.0
25,8,2,1,7/24/2003,7/24/2003,0.0
26,1,1,1,7/24/2003,7/24/2003,0.0
27,8,2,1,7/24/2003,7/24/2003,0.0
28,6,1,1,7/25/2003,7/25/2003,0.0
29,13,1,1,7/25/2003,7/25/2003,0.0
30,7,1,1,7/25/2003,7/25/2003,0.0
31,5,1,1,7/28/2003,7/28/2003,0.0
32,5,2,1,7/29/2003,7/29/2003,0.0
33,14,1,1,7/29/2003,7/29/2003,0.0
34,6,1,1,7/29/2003,7/29/2003,0.0
35,4,1,1,7/29/2003,7/29/2003,0.0
36,15,1,1,7/29/2003,7/29/2003,0.0
37,12,1,1,7/30/2003,7/30/2003,0.0
38,3,2,1,7/31/2003,7/31/2003,0.0
39,8,2,1,7/31/2003,7/31/2003,0.0
40,2,1,1,8/1/2003,8/1/2003,0.0
41,5,2,1,8/2/2003,8/2/2003,0.0
42,4,2,1,8/2/2003,8/2/2003,0.0
43,14,2,1,8/4/2003,8/4/2003,0.0
44,12,2,1,8/4/2003,8/4/2003,0.0
45,5,2,1,8/4/2003,8/4/2003,0.0
46,16,2,1,8/4/2003,8/4/2003,0.0
47,3,1,1,8/5/2003,8/5/2003,0.0
48,17,1,1,8/5/2003,8/5/2003,0.0
49,18,1,1,8/5/2003,8/5/2003,0.0
50,7,1,1,8/5/2003,8/5/2003,0.0
51,18,1,1,8/6/2003,8/6/2003,0.0
52,19,1,1,8/6/2003,8/6/2003,0.0
53,4,1,1,8/7/2003,8/7/2003,0.0
54,5,1,1,8/8/2003,8/8/2003,0.0
55,20,1,1,8/8/2003,8/8/2003,0.0
56,12,2,1,8/9/2003,8/9/2003,0.0
57,3,2,1,8/11/2003,8/11/2003,0.0
58,18,2,1,8/11/2003,8/11/2003,0.0
59,21,2,1,8/12/2003,8/12/2003,0.0
60,5,1,1,8/12/2003,8/12/2003,0.0
61,17,1,1,8/13/2003,8/13/2003,0.0
62,2,1,1,8/13/2003,8/13/2003,0.0
63,2,1,1,8/13/2003,8/14/2003,0.0
66,4,1,1,8/13/2003,8/13/2003,0.0
67,6,2,1,8/14/2003,8/14/2003,0.0
68,8,1,1,8/14/2003,8/14/2003,0.0
69,5,1,1,8/14/2003,8/14/2003,0.0
70,3,2,1,8/15/2003,8/15/2003,0.0
71,5,1,1,8/15/2003,8/15/2003,0.0
72,8,2,1,8/15/2003,8/15/2003,0.0
73,9,1,1,8/15/2003,8/15/2003,0.0
74,13,1,1,8/15/2003,8/15/2003,0.0
75,22,1,1,8/16/2003,8/16/2003,0.0
76,12,1,1,8/16/2003,8/16/2003,0.0
77,5,1,1,8/16/2003,8/16/2003,0.0
78,4,2,1,8/16/2003,8/16/2003,0.0
79,23,2,1,8/16/2003,8/16/2003,0.0
80,22,1,1,8/18/2003,8/18/2003,0.0
81,5,1,1,8/18/2003,8/18/2003,0.0
82,22,1,1,8/18/2003,8/18/2003,0.0
83,11,1,1,8/19/2003,8/19/2003,0.0
84,2,1,1,8/19/2003,8/19/2003,0.0
85,5,2,1,8/19/2003,8/19/2003,0.0
86,1,1,1,8/19/2003,8/19/2003,0.0
87,4,2,1,8/19/2003,8/19/2003,0.0
88,6,2,1,8/20/2003,8/20/2003,0.0
89,5,2,1,8/20/2003,8/20/2003,0.0
90,5,1,1,8/20/2003,8/20/2003,0.0
91,4,2,1,8/20/2003,8/20/2003,0.0
92,18,1,1,8/20/2003,8/20/2003,0.0
93,21,2,1,8/20/2003,8/20/2003,0.0
94,8,1,1,8/20/2003,8/20/2003,0.0
95,20,2,1,8/21/2003,8/21/2003,0.0
96,8,2,1,8/21/2003,8/21/2003,0.0
97,5,1,1,8/22/2003,8/22/2003,0.0
98,2,1,1,8/22/2003,8/22/2003,0.0
99,17,1,1,8/22/2003,8/22/2003,0.0
100,9,1,1,8/22/2003,8/22/2003,0.0
101,24,1,1,8/22/2003,8/22/2003,0.0
102,4,1,1,8/23/2003,8/23/2003,0.0
103,7,1,1,8/23/2003,8/23/2003,0.0
104,22,2,1,8/25/2003,8/25/2003,0.0
105,21,2,1,8/25/2003,8/25/2003,0.0
106,4,2,1,8/26/2003,8/26/2003,0.0
107,22,2,1,8/26/2003,8/26/2003,0.0
108,5,1,1,8/27/2003,8/27/2003,0.0
109,4,1,1,8/29/2003,8/29/2003,0.0
110,4,1,1,8/30/2003,8/30/2003,0.0
111,8,1,1,8/30/2003,8/30/2003,0.0
113,7,1,1,8/30/2003,8/30/2003,0.0
114,22,1,1,8/29/2003,8/29/2003,0.0
115,23,1,1,8/29/2003,8/29/2003,0.0
116,5,1,1,9/2/2003,9/2/2003,0.0
117,4,2,1,9/2/2003,9/2/2003,0.0
118,2,2,1,9/1/2003,9/1/2003,0.0
119,8,2,1,9/3/2003,9/3/2003,0.0
120,25,1,1,9/3/2003,9/3/2003,0.0
121,21,1,1,9/3/2003,9/3/2003,0.0
122,8,2,1,9/4/2003,9/4/2003,0.0
124,7,1,1,9/4/2003,9/4/2003,0.0
125,22,1,1,9/5/2003,9/5/2003,0.0
126,13,1,1,9/6/2003,9/6/2003,0.0
127,4,1,1,9/6/2003,9/6/2003,0.0
128,2,1,1,9/6/2003,9/6/2003,0.0
129,26,1,1,9/6/2003,9/6/2003,0.0
131,3,1,1,9/9/2003,9/9/2003,0.0
132,5,1,1,9/9/2003,9/9/2003,0.0
133,2,1,1,9/10/2003,9/10/2003,0.0
134,23,1,1,9/10/2003,9/10/2003,0.0
135,18,1,1,9/10/2003,9/10/2003,0.0
136,7,1,1,9/11/2003,9/11/2003,0.0
137,28,1,1,9/11/2003,9/11/2003,0.0
138,24,1,1,9/12/2003,9/12/2003,0.0
139,5,1,1,9/15/2003,9/15/2003,0.0
140,2,1,1,9/16/2003,9/16/2003,0.0
141,4,1,1,9/13/2003,9/13/2003,0.0
142,7,1,1,9/15/2003,9/15/2003,0.0
143,8,1,1,9/15/2003,9/15/2003,0.0
144,2,1,1,9/17/2003,9/17/2003,0.0
145,19,1,1,9/17/2003,9/17/2003,0.0
146,21,2,1,9/17/2003,9/17/2003,0.0
147,22,2,1,9/17/2003,9/17/2003,0.0
149,2,2,1,9/18/2003,9/18/2003,0.0
150,8,2,1,9/18/2003,9/18/2003,0.0
152,7,2,1,9/19/2003,9/19/2003,0.0
153,8,2,1,9/19/2003,9/19/2003,0.0
154,19,2,1,9/22/2003,9/22/2003,0.0
155,29,2,1,9/23/2003,9/23/2003,0.0
158,1,2,1,9/23/2003,9/23/2003,0.0
159,18,2,1,9/23/2003,9/23/2003,0.0
160,2,2,1,9/24/2003,9/24/2003,0.0
161,2,2,1,9/25/2003,9/25/2003,0.0
162,7,2,1,9/23/2003,9/23/2003,0.0
164,8,2,1,9/24/2003,9/24/2003,0.0
165,5,2,1,9/24/2003,9/24/2003,0.0
166,22,2,1,9/26/2003,9/26/2003,0.0
167,5,2,1,9/26/2003,9/26/2003,0.0
168,4,1,1,9/29/2003,9/29/2003,0.0
170,31,1,1,9/29/2003,9/29/2003,0.0
171,32,2,1,9/27/2003,9/27/2003,0.0
172,32,2,1,9/29/2003,9/29/2003,0.0
173,2,1,1,10/1/2003,10/1/2003,0.0
175,5,1,1,10/1/2003,10/1/2003,0.0
176,22,2,1,9/30/2003,9/30/2003,0.0
177,32,2,1,9/30/2003,9/30/2003,0.0
178,22,2,1,10/1/2003,10/1/2003,0.0
179,2,1,1,10/2/2003,10/2/2003,0.0
180,3,1,1,10/2/2003,10/2/2003,0.0
181,6,2,1,10/2/2003,10/2/2003,0.0
182,22,2,1,10/2/2003,10/2/2003,0.0
183,18,1,1,10/2/2003,10/2/2003,0.0
184,7,2,1,10/2/2003,10/2/2003,0.0
185,8,2,1,10/3/2003,10/3/2003,0.0
186,22,2,1,10/3/2003,10/3/2003,0.0
187,5,2,1,10/3/2003,10/3/2003,0.0
189,22,2,1,10/6/2003,10/6/2003,0.0
190,5,2,1,10/6/2003,10/6/2003,0.0
191,6,2,1,10/6/2003,10/6/2003,0.0
192,22,2,1,10/6/2003,10/6/2003,0.0
193,3,2,1,10/6/2003,10/6/2003,0.0
194,7,2,1,10/6/2003,10/6/2003,0.0
195,33,2,1,10/7/2003,10/7/2003,0.0
196,13,1,1,10/7/2003,10/7/2003,0.0
197,2,2,1,10/7/2003,10/7/2003,0.0
198,18,2,1,10/8/2003,10/8/2003,0.0
199,7,1,1,10/8/2003,10/8/2003,0.0
200,2,2,1,10/8/2003,10/8/2003,0.0
201,22,2,1,10/8/2003,10/8/2003,0.0
202,23,2,1,10/8/2003,10/8/2003,0.0
203,22,2,1,10/9/2003,10/9/2003,0.0
204,5,2,1,10/9/2003,10/9/2003,0.0
205,32,2,1,10/10/2003,10/10/2003,0.0
206,5,2,1,10/10/2003,10/10/2003,0.0
207,34,2,1,10/10/2003,10/10/2003,0.0
208,7,2,1,10/11/2003,10/11/2003,0.0
209,6,2,1,10/13/2003,10/13/2003,0.0
210,22,2,1,10/13/2003,10/13/2003,0.0
211,2,2,1,10/13/2003,10/13/2003,0.0
212,5,2,1,10/13/2003,10/13/2003,0.0
213,22,2,1,10/14/2003,10/14/2003,0.0
214,5,2,1,10/14/2003,10/14/2003,0.0
215,4,2,1,10/15/2003,10/15/2003,0.0
216,35,1,1,10/16/2003,10/16/2003,0.0
217,22,2,1,10/16/2003,10/16/2003,0.0
218,3,2,1,10/16/2003,10/16/2003,0.0
219,3,2,1,10/17/2003,10/17/2003,0.0
220,5,2,1,10/18/2003,10/18/2003,0.0
221,24,2,1,10/17/2003,10/17/2003,0.0
222,3,1,1,10/20/2003,10/20/2003,0.0
223,21,1,1,10/20/2003,10/20/2003,0.0
224,22,1,1,10/20/2003,10/20/2003,0.0
225,3,1,1,10/20/2003,10/20/2003,0.0
226,22,2,1,10/21/2003,10/21/2003,0.0
227,23,1,1,10/21/2003,10/21/2003,0.0
228,18,1,1,10/21/2003,10/21/2003,0.0
229,19,1,1,10/22/2003,10/22/2003,0.0
230,2,1,1,10/22/2003,10/22/2003,0.0
231,3,1,1,10/22/2003,10/22/2003,0.0
232,36,1,1,10/23/2003,10/23/2003,0.0
233,6,2,1,10/23/2003,10/23/2003,0.0
234,22,2,1,10/23/2003,10/23/2003,0.0
235,5,1,1,10/23/2003,10/23/2003,0.0
236,3,2,1,10/23/2003,10/23/2003,0.0
237,37,1,1,10/24/2003,10/24/2003,0.0
238,5,1,1,10/24/2003,10/24/2003,0.0
239,38,1,1,10/24/2003,10/24/2003,0.0
240,7,1,1,10/24/2003,10/24/2003,0.0
241,39,1,1,10/24/2003,10/24/2003,0.0
242,40,2,1,10/25/2003,10/25/2003,0.0
243,40,2,1,10/27/2003,10/27/2003,0.0
244,3,1,1,10/27/2003,10/27/2003,0.0
245,22,2,1,10/27/2003,10/27/2003,0.0
246,5,2,1,10/27/2003,10/27/2003,0.0
247,5,2,1,10/28/2003,10/28/2003,0.0
249,7,2,1,10/28/2003,10/28/2003,0.0
250,40,1,1,10/29/2003,10/29/2003,0.0
251,22,2,1,10/29/2003,10/29/2003,0.0
252,22,2,1,10/30/2003,10/30/2003,0.0
253,22,2,1,10/30/2003,10/31/2003,0.0
255,40,2,1,10/30/2003,10/30/2003,0.0
256,2,2,1,10/31/2003,10/31/2003,0.0
257,13,2,1,11/3/2003,11/3/2003,0.0
258,22,2,1,10/31/2003,10/31/2003,0.0
259,4,2,1,11/1/2003,11/1/2003,0.0
260,7,2,1,11/1/2003,11/1/2003,0.0
261,40,2,1,11/3/2003,11/3/2003,0.0
262,41,2,1,11/3/2003,11/3/2003,0.0
263,40,2,1,11/4/2003,11/4/2003,0.0
264,6,2,1,11/4/2003,11/4/2003,0.0
265,7,2,1,11/5/2003,11/5/2003,0.0
266,7,2,1,11/5/2003,11/5/2003,0.0
267,42,2,1,11/5/2003,11/5/2003,19.97
268,7,2,1,11/5/2003,11/5/2003,0.0
269,2,2,1,11/6/2003,11/6/2003,0.0
270,40,2,1,11/6/2003,11/6/2003,0.0
271,22,2,1,11/7/2003,11/7/2003,0.0
272,22,2,1,11/10/2003,11/10/2003,0.0
273,3,2,1,11/10/2003,11/10/2003,0.0
274,40,2,1,11/10/2003,11/10/2003,0.0
275,5,2,1,11/10/2003,11/10/2003,0.0
276,22,2,1,11/11/2003,11/11/2003,0.0
277,32,2,1,11/10/2003,11/10/2003,0.0
278,8,2,1,11/11/2003,11/11/2003,0.0
280,22,2,1,11/11/2003,11/11/2003,0.0
281,5,2,1,11/12/2003,11/12/2003,0.0
282,43,2,1,11/11/2003,11/11/2003,0.0
283,44,2,1,11/11/2003,11/11/2003,0.0
284,45,2,1,11/11/2003,11/11/2003,0.0
285,40,2,1,11/12/2003,11/12/2003,0.0
286,22,2,1,11/13/2003,11/13/2003,0.0
288,47,2,1,11/13/2003,11/13/2003,0.0
289,40,2,1,11/13/2003,11/13/2003,0.0
290,22,2,1,11/14/2003,11/14/2003,0.0
291,40,2,1,11/14/2003,11/14/2003,0.0
292,22,2,1,11/17/2003,11/17/2003,0.0
293,40,2,1,11/17/2003,11/17/2003,0.0
294,21,2,1,11/17/2003,11/17/2003,0.0
295,23,2,1,11/17/2003,11/17/2003,0.0
296,7,2,1,11/17/2003,11/17/2003,0.0
297,48,2,1,11/18/2003,11/18/2003,0.0
298,33,2,1,11/18/2003,11/18/2003,0.0
299,1,2,1,11/18/2003,11/18/2003,0.0
300,3,2,1,11/18/2003,11/18/2003,0.0
303,3,2,1,11/19/2003,11/19/2003,0.0
304,18,2,1,11/19/2003,11/19/2003,0.0
305,22,2,1,11/19/2003,11/19/2003,0.0
306,40,2,1,11/19/2003,11/19/2003,0.0
307,2,2,1,11/19/2003,11/19/2003,0.0
308,23,2,1,11/20/2003,11/20/2003,0.0
309,40,2,1,11/21/2003,11/21/2003,0.0
311,41,2,1,11/22/2003,11/22/2003,0.0
313,7,2,1,11/22/2003,11/22/2003,0.0
314,13,2,1,11/22/2003,11/22/2003,0.0
315,22,2,1,11/24/2003,11/24/2003,0.0
316,3,2,1,11/24/2003,11/24/2003,0.0
317,5,2,1,11/24/2003,11/24/2003,0.0
318,36,2,1,11/25/2003,11/25/2003,0.0
319,22,2,1,11/25/2003,11/25/2003,0.0
320,40,2,1,11/26/2003,11/26/2003,0.0
321,21,2,1,11/26/2003,11/26/2003,0.0
322,22,2,1,11/26/2003,11/26/2003,0.0
323,24,2,1,11/27/2003,11/27/2003,0.0
324,2,2,1,11/28/2003,11/28/2003,0.0
325,22,2,1,11/28/2003,11/28/2003,0.0
326,18,2,1,11/28/2003,11/28/2003,0.0
328,7,2,1,11/28/2003,11/28/2003,0.0
329,5,2,1,11/29/2003,11/29/2003,0.0
330,44,2,1,12/1/2003,12/1/2003,0.0
332,40,2,1,12/1/2003,12/1/2003,0.0
333,3,2,1,12/1/2003,12/1/2003,0.0
334,5,2,1,12/1/2003,12/1/2003,0.0
335,18,2,1,12/1/2003,12/1/2003,0.0
336,19,2,1,12/2/2003,12/2/2003,0.0
337,40,2,1,12/2/2003,12/2/2003,0.0
338,3,2,1,12/2/2003,12/2/2003,0.0
339,5,2,1,12/2/2003,12/2/2003,0.0
340,6,2,1,12/3/2003,12/3/2003,0.0
341,21,2,1,12/3/2003,12/3/2003,0.0
342,22,2,1,12/3/2003,12/3/2003,0.0
343,3,2,1,12/3/2003,12/3/2003,0.0
344,40,2,1,12/4/2003,12/4/2003,0.0
345,2,2,1,12/4/2003,12/4/2003,0.0
346,5,2,1,12/6/2003,12/3/2003,0.0
347,40,2,1,12/6/2003,12/6/2003,0.0
348,50,2,1,1/19/2004,1/19/2004,0.0
349,40,2,1,12/8/2003,12/8/2003,0.0
350,18,2,1,12/8/2003,12/8/2003,0.0
351,42,2,1,12/8/2003,12/8/2003,20.0
352,22,2,1,12/9/2003,12/9/2003,0.0
353,6,2,1,12/9/2003,12/9/2003,0.0
354,3,2,1,12/9/2003,12/9/2003,0.0
355,51,2,1,12/9/2003,12/9/2003,0.0
356,18,2,1,12/9/2003,12/9/2003,0.0
358,19,2,1,12/10/2003,12/10/2003,0.0
359,45,2,1,12/10/2003,12/10/2003,0.0
360,32,2,1,12/10/2003,12/10/2003,0.0
361,40,2,1,12/10/2003,12/10/2003,0.0
362,22,2,1,12/11/2003,12/11/2003,0.0
363,22,2,1,12/11/2003,12/11/2003,0.0
364,5,2,1,12/11/2003,12/11/2003,0.0
365,52,2,1,12/11/2003,12/11/2003,0.0
367,21,2,1,12/11/2003,12/11/2003,0.0
368,5,2,1,12/12/2003,12/12/2003,0.0
369,22,2,1,12/15/2003,12/15/2003,0.0
371,40,2,1,12/15/2003,12/15/2003,0.0
372,2,2,1,12/15/2003,12/15/2003,0.0
373,22,2,1,12/16/2003,12/16/2003,0.0
374,25,2,1,12/16/2003,12/16/2003,0.0
375,53,2,1,12/17/2003,12/17/2003,0.0
376,40,2,1,12/18/2003,12/18/2003,0.0
377,1,2,1,12/18/2003,12/18/2003,0.0
378,5,2,1,12/18/2003,12/18/2003,0.0
379,18,2,1,12/18/2003,12/18/2003,0.0
380,40,2,1,12/19/2003,12/19/2003,0.0
381,3,2,1,12/19/2003,12/19/2003,0.0
382,22,2,1,12/19/2003,12/19/2003,0.0
383,32,2,1,12/19/2003,12/19/2003,0.0
384,32,2,1,12/19/2003,12/19/2003,0.0
385,32,2,1,12/19/2003,12/19/2003,0.0
386,2,2,1,12/19/2003,12/19/2003,0.0
387,7,2,1,12/19/2003,12/19/2003,0.0
388,26,2,1,12/20/2003,12/20/2003,0.0
389,40,2,1,12/20/2003,12/20/2003,0.0
390,6,2,1,12/22/2003,12/22/2003,0.0
391,40,2,1,12/22/2003,12/22/2003,0.0
392,40,2,1,12/22/2003,12/22/2003,0.0
393,5,2,1,12/22/2003,12/22/2003,0.0
394,22,2,1,12/22/2003,12/22/2003,0.0
395,5,2,1,12/22/2003,12/22/2003,0.0
396,2,2,1,12/22/2003,12/22/2003,0.0
397,40,2,1,12/23/2003,12/23/2003,0.0
398,54,2,1,12/23/2003,12/23/2003,17.09
399,13,2,1,12/23/2003,12/23/2003,21.54
400,2,2,1,12/24/2003,12/24/2003,0.0
401,21,2,1,12/25/2003,12/25/2003,0.0
402,40,1,1,12/25/2003,12/25/2003,0.0
403,5,2,1,12/26/2003,12/26/2003,0.0
404,40,2,1,12/27/2003,12/21/2003,0.0
405,7,2,1,12/27/2003,12/27/2003,0.0
406,3,2,1,12/29/2003,12/29/2003,0.0
408,5,2,1,12/30/2003,12/30/2003,0.0
409,40,2,1,12/30/2003,12/30/2003,0.0
410,18,2,1,12/30/2003,12/30/2003,0.0
411,7,2,1,1/5/2004,1/5/2004,0.0
412,7,2,1,1/5/2004,1/5/2004,0.0
413,5,2,1,1/5/2004,1/5/2004,0.0
415,2,7,1,1/8/2004,1/8/2004,0.0
416,21,7,1,1/10/2004,1/10/2004,0.0
418,24,2,1,1/10/2004,1/10/2004,0.0
419,25,7,1,1/10/2004,1/10/2004,21.97
420,8,7,1,1/10/2004,1/10/2004,0.0
421,40,7,1,1/12/2004,1/12/2004,0.0
424,55,7,1,1/12/2004,1/12/2004,0.0
425,5,7,1,1/12/2004,1/12/2004,0.0
427,6,2,1,1/12/2004,1/12/2004,0.0
428,56,2,1,1/12/2004,1/12/2004,0.0
430,2,2,1,1/13/2004,1/13/2004,0.0
431,5,2,1,1/13/2004,1/13/2004,0.0
432,18,7,1,1/13/2004,1/13/2004,0.0
433,40,7,1,1/14/2004,1/14/2004,0.0
434,23,7,1,1/14/2004,1/14/2004,0.0
435,2,2,1,1/14/2004,1/14/2004,0.0
438,57,2,1,1/13/2004,1/13/2004,0.0
439,22,2,1,1/15/2004,1/15/2004,0.0
440,23,2,1,1/15/2004,1/15/2004,0.0
441,40,2,1,1/15/2004,1/15/2004,0.0
442,58,2,1,1/15/2004,1/15/2004,0.0
443,40,2,1,1/16/2004,1/16/2004,0.0
444,3,2,1,1/16/2004,1/16/2004,0.0
445,35,2,1,1/16/2004,1/16/2004,0.0
446,45,7,1,1/16/2004,1/16/2004,0.0
447,7,2,1,1/16/2004,1/16/2004,0.0
448,13,2,1,1/16/2004,1/16/2004,22.31
449,40,2,1,1/17/2004,1/17/2004,0.0
450,35,2,1,1/17/2004,1/17/2004,0.0
451,5,2,1,1/17/2004,1/17/2004,0.0
452,21,2,1,1/17/2004,1/17/2004,0.0
453,5,2,1,1/19/2004,1/19/2004,0.0
454,21,2,1,1/19/2004,1/19/2004,0.0
455,21,2,1,1/19/2004,1/19/2004,0.0
457,59,2,1,1/19/2004,1/19/2004,0.0
459,60,2,1,1/20/2004,1/20/2004,28.55
460,18,2,1,1/20/2004,1/20/2004,0.0
461,53,2,1,1/20/2004,1/20/2004,0.0
462,22,2,1,1/21/2004,1/21/2004,0.0
463,40,2,1,1/21/2004,1/21/2004,0.0
464,2,2,1,1/21/2004,1/21/2004,0.0
467,1,7,1,1/21/2004,1/21/2004,0.0
468,5,7,1,1/21/2004,1/21/2004,0.0
469,23,7,1,1/21/2004,1/21/2004,0.0
470,17,2,1,1/22/2004,1/22/2004,0.0
471,17,2,1,1/22/2004,1/22/2004,0.0
472,2,2,1,1/22/2004,1/22/2004,0.0
473,18,2,1,1/22/2004,1/22/2004,0.0
474,5,2,1,1/23/2004,1/23/2004,0.0
475,61,2,1,1/24/2004,1/24/2004,0.0
476,25,7,1,1/26/2004,1/26/2004,27.8
477,44,2,1,1/26/2004,1/26/2004,0.0
478,21,2,1,1/26/2004,1/26/2004,0.0
485,2,2,1,1/26/2004,1/26/2004,0.0
486,22,2,1,1/26/2004,1/26/2004,0.0
487,26,2,1,1/26/2004,1/26/2004,0.0
488,26,2,1,1/26/2004,1/26/2004,0.0
489,13,7,1,1/26/2004,1/26/2004,25.6
490,62,7,1,1/27/2004,1/27/2004,0.0
491,22,2,1,1/27/2004,1/27/2004,0.0
492,2,2,1,1/27/2004,1/27/2004,0.0
493,41,2,1,2/2/2004,2/2/2004,0.0
494,63,2,1,2/2/2004,2/2/2004,0.0
495,5,2,1,1/28/2004,1/28/2004,0.0
497,5,2,1,1/29/2004,1/29/2004,0.0
498,22,7,1,1/29/2004,1/29/2004,0.0
499,2,2,1,1/30/2004,1/30/2004,0.0
500,40,2,1,1/30/2004,1/30/2004,0.0
501,7,2,1,1/30/2004,1/30/2004,0.0
502,40,2,1,1/31/2004,1/31/2004,0.0
503,21,2,1,2/2/2004,2/2/2004,0.0
504,40,2,1,2/2/2004,2/2/2004,0.0
505,3,2,1,2/2/2004,2/2/2004,0.0
506,42,2,1,2/2/2004,2/2/2004,28.07
507,54,2,1,2/2/2004,2/2/2004,28.07
508,22,2,1,2/3/2004,2/3/2004,0.0
509,3,2,1,2/3/2004,2/3/2004,0.0
510,18,2,1,2/3/2004,2/3/2004,0.0
512,60,2,1,2/4/2004,2/4/2004,28.0
513,22,2,1,2/4/2004,2/4/2004,0.0
514,40,2,1,2/5/2004,2/5/2004,0.0
516,22,2,1,2/5/2004,2/5/2004,0.0
517,2,2,1,2/5/2004,2/5/2004,0.0
518,64,2,1,2/5/2004,2/5/2004,28.0
519,1,2,1,2/5/2004,2/5/2004,0.0
520,36,7,1,2/5/2004,2/5/2004,0.0
521,19,2,1,2/5/2004,2/5/2004,0.0
522,2,2,1,2/6/2004,2/6/2004,0.0
523,17,2,1,2/6/2004,2/6/2004,0.0
524,5,2,1,2/6/2004,2/6/2004,0.0
526,4,2,1,2/7/2004,2/7/2004,0.0
527,40,7,1,2/7/2004,2/7/2004,0.0
532,37,2,1,2/7/2004,2/7/2004,0.0
533,21,2,1,2/9/2004,2/9/2004,0.0
534,40,2,1,2/9/2004,2/9/2004,0.0
535,22,2,1,2/9/2004,2/9/2004,0.0
536,4,2,1,2/9/2004,2/9/2004,0.0
538,18,2,1,2/9/2004,2/9/2004,0.0
539,23,2,1,2/10/2004,2/10/2004,0.0
540,13,2,1,2/10/2004,2/10/2004,28.0
541,2,2,1,2/10/2004,2/10/2004,0.0
542,5,2,1,2/10/2004,2/10/2004,0.0
543,22,7,1,2/10/2004,2/10/2004,0.0
544,22,2,1,2/11/2004,2/11/2004,0.0
546,40,2,1,2/12/2004,2/12/2004,0.0
547,21,2,1,2/12/2004,2/12/2004,0.0
549,24,7,1,2/12/2004,2/12/2004,28.0
550,18,2,1,2/12/2004,2/12/2004,0.0
552,4,2,1,2/13/2004,2/13/2004,0.0
553,7,2,1,2/13/2004,2/13/2004,0.0
555,22,2,1,2/16/2004,2/16/2004,0.0
557,3,2,1,2/16/2004,2/16/2004,0.0
558,67,2,1,2/16/2004,2/16/2004,0.0
559,36,2,1,2/16/2004,2/16/2004,0.0
560,35,7,1,2/16/2004,2/16/2004,0.0
562,5,7,1,2/16/2004,2/16/2004,0.0
563,40,2,1,2/16/2004,2/16/2004,0.0
564,4,2,1,2/16/2004,2/16/2004,0.0
565,3,2,1,2/14/2004,2/14/2004,0.0
566,2,2,1,2/14/2004,2/14/2004,0.0
567,2,2,1,2/14/2004,2/14/2004,0.0
568,68,2,1,2/16/2004,2/16/2004,0.0
569,45,2,1,2/16/2004,2/16/2004,0.0
570,69,2,1,2/17/2004,2/17/2004,28.02
571,2,2,1,2/18/2004,2/18/2004,0.0
572,6,2,1,2/18/2004,2/18/2004,0.0
573,40,7,1,2/19/2004,2/19/2004,0.0
574,13,6,1,2/19/2004,2/19/2004,56.14
575,5,2,1,2/20/2004,2/20/2004,0.0
576,18,2,1,2/20/2004,2/20/2004,0.0
577,24,2,1,2/20/2004,2/20/2004,28.02
578,7,6,1,2/21/2004,2/21/2004,0.0
582,67,2,1,2/23/2004,2/23/2004,0.0
583,40,7,1,2/24/2004,2/24/2004,0.0
585,13,2,1,2/24/2004,2/24/2004,0.0
586,60,2,1,3/1/2004,3/1/2004,28.5
587,2,2,1,2/24/2004,2/24/2004,0.0
588,5,2,1,2/24/2004,2/24/2004,0.0
589,18,2,1,2/24/2004,2/24/2004,0.0
590,67,6,1,2/24/2004,2/24/2004,0.0
591,57,6,1,2/25/2004,2/25/2004,0.0
592,21,6,1,2/25/2004,2/25/2004,0.0
594,5,6,1,2/25/2004,2/25/2004,0.0
595,2,6,1,3/1/2004,3/1/2004,0.0
597,22,6,1,2/25/2004,2/25/2004,0.0
598,1,6,1,2/25/2004,2/25/2004,0.0
599,4,2,1,2/25/2004,2/25/2004,0.0
600,23,6,1,2/26/2004,2/26/2004,0.0
601,25,6,1,2/26/2004,2/26/2004,0.0
602,18,6,1,2/26/2004,2/26/2004,0.0
603,42,6,1,3/17/2004,3/17/2004,28.02
604,40,6,1,2/27/2004,2/27/2004,0.0
605,36,6,1,3/1/2004,3/1/2004,0.0
606,36,6,1,3/1/2004,3/1/2004,0.0
607,7,6,1,2/28/2004,2/28/2004,0.0
608,41,6,1,3/1/2004,3/1/2004,0.0
609,5,6,1,2/28/2004,2/28/2004,0.0
610,71,6,1,3/2/2004,3/2/2004,0.0
611,22,2,1,3/1/2004,3/1/2004,0.0
612,5,2,1,3/1/2004,3/1/2004,0.0
613,72,2,1,3/1/2004,3/1/2004,0.0
614,18,2,1,3/1/2004,3/1/2004,0.0
615,66,2,1,2/28/2004,2/28/2004,0.0
616,6,6,1,3/2/2004,3/2/2004,0.0
617,73,6,1,3/2/2004,3/2/2004,0.0
618,35,6,1,3/2/2004,3/2/2004,0.0
619,3,6,1,3/2/2004,3/2/2004,0.0
620,71,6,1,3/2/2004,3/2/2004,0.0
621,67,6,1,3/2/2004,3/2/2004,0.0
622,18,6,1,3/2/2004,3/2/2004,0.0
623,2,6,1,3/2/2004,3/2/2004,28.0
624,5,6,1,3/3/2004,3/3/2004,0.0
627,74,6,1,3/3/2004,3/3/2004,0.0
628,33,6,1,3/4/2004,3/4/2004,0.0
630,40,6,1,3/4/2004,3/4/2004,0.0
631,4,6,1,3/4/2004,3/4/2004,0.0
632,32,6,1,3/4/2004,3/4/2004,0.0
633,34,6,1,3/4/2004,3/4/2004,0.0
634,40,6,1,3/5/2004,3/5/2004,0.0
635,5,6,1,3/5/2004,3/5/2004,0.0
636,36,6,1,3/5/2004,3/5/2004,0.0
637,18,2,1,3/6/2004,3/6/2004,0.0
639,66,2,1,3/6/2004,3/6/2004,0.0
640,40,6,1,3/9/2004,3/9/2004,0.0
641,21,6,1,3/9/2004,3/9/2004,0.0
642,2,6,1,3/10/2004,3/10/2004,0.0
643,24,6,1,3/10/2004,3/10/2004,28.0
646,66,2,1,3/10/2004,3/10/2004,0.0
647,17,6,1,3/11/2004,3/11/2004,0.0
650,5,6,1,3/11/2004,3/11/2004,0.0
651,7,6,1,3/11/2004,3/11/2004,0.0
652,40,6,1,3/12/2004,3/12/2004,0.0
653,45,6,1,3/12/2004,3/12/2004,0.0
654,78,6,1,3/12/2004,3/12/2004,0.0
655,21,6,1,3/13/2004,3/13/2004,0.0
656,79,6,1,3/13/2004,3/13/2004,0.0
657,7,6,1,3/13/2004,3/13/2004,0.0
658,22,6,1,3/15/2004,3/15/2004,0.0
659,18,2,1,3/15/2004,3/15/2004,0.0
660,13,2,1,3/15/2004,3/15/2004,0.0
661,5,6,1,3/16/2004,3/16/2004,0.0
662,21,6,1,3/17/2004,3/17/2004,0.0
664,5,6,1,3/17/2004,3/17/2004,0.0
665,2,6,1,3/17/2004,3/17/2004,0.0
666,3,6,1,3/17/2004,3/17/2004,0.0
667,18,6,1,3/17/2004,3/17/2004,0.0
668,2,2,1,4/1/2004,4/1/2004,0.0
669,5,6,1,3/18/2004,3/18/2004,0.0
670,6,6,1,3/19/2004,3/19/2004,0.0
671,81,6,1,3/19/2004,3/19/2004,0.0
672,5,6,1,3/19/2004,3/19/2004,0.0
673,22,6,1,3/19/2004,3/19/2004,0.0
674,82,8,1,3/22/2004,3/22/2004,0.0
675,21,6,1,3/22/2004,3/22/2004,0.0
676,22,6,1,3/22/2004,3/22/2004,0.0
677,18,6,1,3/22/2004,3/22/2004,0.0
678,54,6,1,3/30/2004,3/30/2004,0.0
679,17,6,1,3/23/2004,3/23/2004,0.0
680,5,6,1,3/23/2004,3/23/2004,0.0
681,40,6,1,3/24/2004,3/24/2004,0.0
682,26,6,1,3/24/2004,3/24/2004,0.0
683,18,6,1,3/24/2004,3/24/2004,0.0
685,50,2,1,3/24/2004,3/24/2004,0.0
686,6,6,1,3/25/2004,3/25/2004,0.0
687,1,6,1,3/26/2004,3/26/2004,0.0
688,64,6,1,4/1/2004,4/1/2004,28.0
689,22,2,1,3/29/2004,3/29/2004,0.0
690,2,6,1,3/29/2004,3/29/2004,0.0
691,14,6,1,3/29/2004,3/29/2004,0.0
693,22,6,1,3/29/2004,3/29/2004,0.0
694,19,6,1,4/1/2004,4/1/2004,0.0
695,66,2,1,3/30/2004,3/30/2004,0.0
696,35,6,1,4/1/2004,4/1/2004,0.0
697,18,6,1,3/30/2004,3/30/2004,0.0
698,83,6,1,4/1/2004,4/1/2004,28.0
699,6,6,1,4/1/2004,4/1/2004,0.0
700,5,2,1,4/2/2004,4/2/2004,0.0
701,7,6,1,4/2/2004,4/2/2004,0.0
702,22,6,1,4/5/2004,4/5/2004,0.0
703,21,6,1,4/5/2004,4/5/2004,0.0
704,2,6,1,4/5/2004,4/5/2004,0.0
705,67,6,1,4/5/2004,4/5/2004,0.0
706,23,6,1,4/6/2004,4/6/2004,0.0
707,40,6,1,4/6/2004,4/6/2004,0.0
708,25,6,1,4/7/2004,4/7/2004,0.0
709,41,6,1,4/8/2004,4/8/2004,0.0
710,8,6,1,4/9/2004,4/9/2004,0.0
711,5,6,1,4/10/2004,4/10/2004,0.0
712,18,6,1,4/10/2004,4/10/2004,0.0
713,21,6,1,4/12/2004,4/12/2004,0.0
714,22,6,1,4/13/2004,4/13/2004,0.0
715,34,6,1,4/13/2004,4/13/2004,0.0
716,22,6,1,4/14/2004,4/14/2004,0.0
717,13,6,1,4/14/2004,4/14/2004,28.0
718,22,6,1,4/15/2004,4/15/2004,0.0
719,25,6,1,4/15/2004,4/15/2004,0.0
720,2,6,1,4/15/2004,4/15/2004,0.0
721,84,2,1,4/15/2004,4/15/2004,0.0
722,84,2,1,4/15/2004,4/15/2004,0.0
723,63,6,1,4/15/2004,4/15/2004,0.0
724,22,6,1,4/16/2004,4/16/2004,0.0
726,32,6,1,4/16/2004,4/16/2004,0.0
727,7,6,1,4/17/2004,4/17/2004,0.0
728,22,6,1,4/19/2004,4/19/2004,0.0
729,21,6,1,4/19/2004,4/19/2004,0.0
730,7,6,1,4/19/2004,4/19/2004,0.0
731,2,6,1,4/19/2004,4/19/2004,0.0
732,22,6,1,4/20/2004,4/20/2004,0.0
733,82,6,1,4/21/2004,4/21/2004,0.0
734,22,6,3,4/21/2004,4/21/2004,0.0
735,2,6,1,4/22/2004,4/22/2004,0.0
736,18,6,1,4/22/2004,4/22/2004,0.0
737,40,6,1,4/23/2004,4/23/2004,0.0
738,21,6,1,4/23/2004,4/23/2004,0.0
739,32,2,1,4/23/2004,4/23/2004,0.0
740,6,6,1,4/23/2004,4/23/2004,0.0
741,18,6,1,4/23/2004,4/23/2004,0.0
742,19,6,1,4/24/2004,4/24/2004,0.0
743,22,6,1,4/24/2004,4/24/2004,0.0
744,18,6,1,4/24/2004,4/24/2004,0.0
745,82,6,1,4/26/2004,4/26/2004,0.0
746,79,6,1,4/26/2004,4/26/2004,0.0
747,60,6,1,4/26/2004,4/26/2004,2.0
748,2,6,1,4/26/2004,4/26/2004,0.0
749,21,6,1,4/26/2004,4/26/2004,0.0
750,5,6,1,4/26/2004,4/26/2004,0.0
751,85,6,1,4/27/2004,4/27/2004,0.0
752,86,6,1,4/27/2004,4/27/2004,28.0
753,64,6,1,4/28/2004,4/28/2004,28.0
754,40,6,1,4/28/2004,4/28/2004,0.0
755,76,6,1,7/1/2004,7/1/2004,0.0
756,71,6,1,4/29/2004,4/29/2004,0.0
757,7,2,1,4/29/2004,4/29/2004,0.0
766,7,6,1,4/30/2004,4/30/2004,0.0
767,63,6,1,5/17/2004,5/17/2004,0.0
768,87,6,1,5/20/2004,5/20/2004,0.0
769,2,6,1,5/6/2004,5/6/2004,0.0
770,32,6,1,5/6/2004,5/6/2004,0.0
771,84,6,1,5/6/2004,5/6/2004,0.0
772,18,6,1,5/6/2004,5/6/2004,0.0
773,13,6,1,5/7/2004,5/7/2004,28.0
774,21,6,1,5/7/2004,5/7/2004,0.0
775,88,6,1,5/7/2004,5/7/2004,0.0
776,67,2,1,5/7/2004,5/7/2004,0.0
777,89,6,1,5/13/2004,5/13/2004,0.0
778,7,6,1,5/8/2004,5/8/2004,0.0
779,90,6,1,5/11/2004,5/11/2004,28.0
780,5,6,1,5/11/2004,5/11/2004,0.0
781,45,6,1,5/12/2004,5/12/2004,0.0
782,71,6,1,5/12/2004,5/12/2004,0.0
783,18,6,1,5/12/2004,5/12/2004,0.0
784,21,2,1,5/13/2004,5/13/2004,0.0
785,2,2,1,5/13/2004,5/13/2004,0.0
786,5,6,1,5/14/2004,5/14/2004,0.0
787,1,6,1,5/14/2004,5/14/2004,0.0
788,7,6,1,5/14/2004,5/14/2004,0.0
789,35,6,1,5/18/2004,5/18/2004,0.0
790,40,6,1,5/17/2004,5/17/2004,0.0
792,23,6,1,5/17/2004,5/17/2004,0.0
794,64,6,1,5/17/2004,5/17/2004,28.0
795,89,6,1,5/18/2004,5/18/2004,0.0
796,17,6,1,5/18/2004,5/18/2004,0.0
797,18,6,1,5/18/2004,5/18/2004,0.0
798,91,6,1,5/19/2004,5/19/2004,28.0
799,92,6,1,5/19/2004,5/19/2004,28.0
800,93,6,1,5/20/2004,5/20/2004,0.0
801,84,6,1,5/20/2004,5/20/2004,0.0
804,95,6,1,5/20/2004,5/20/2004,0.0
805,67,6,1,5/20/2004,5/20/2004,0.0
807,5,6,1,5/20/2004,5/20/2004,28.0
808,96,6,1,5/21/2004,5/21/2004,28.39
809,97,6,1,5/21/2004,5/21/2004,0.0
810,98,6,1,5/22/2004,5/22/2004,27.3
811,21,6,1,5/22/2004,5/22/2004,0.0
812,22,6,1,5/24/2004,5/24/2004,0.0
813,40,6,1,5/24/2004,5/24/2004,0.0
814,90,6,1,5/24/2004,5/24/2004,28.0
815,25,6,1,5/24/2004,5/24/2004,0.0
817,99,6,1,5/24/2004,5/24/2004,0.0
818,2,6,1,5/25/2004,5/25/2004,0.0
819,13,6,1,5/25/2004,5/25/2004,28.0
820,35,6,1,5/25/2004,5/25/2004,0.0
821,18,6,1,5/25/2004,5/25/2004,0.0
822,34,6,1,5/25/2004,5/25/2004,0.0
823,100,6,1,5/25/2004,5/25/2004,0.0
824,89,6,1,5/26/2004,5/26/2004,0.0
825,101,6,1,6/1/2004,6/1/2004,28.0
826,67,6,1,5/26/2004,5/26/2004,0.0
827,102,6,1,5/26/2004,5/26/2004,0.0
828,74,6,1,6/1/2004,6/1/2004,0.0
829,81,6,1,6/1/2004,6/1/2004,0.0
830,103,6,1,6/1/2004,6/1/2004,28.0
831,104,6,1,5/27/2004,5/27/2004,0.0
832,94,6,1,5/27/2004,5/27/2004,0.0
833,6,6,1,5/28/2004,5/28/2004,0.0
834,41,6,1,6/1/2004,6/1/2004,0.0
835,7,6,1,5/29/2004,5/29/2004,0.0
836,94,6,1,5/29/2004,5/29/2004,0.0
837,3,6,1,5/31/2004,5/31/2004,0.0
838,87,6,1,6/1/2004,6/1/2004,0.0
839,5,6,1,5/31/2004,5/31/2004,0.0
840,18,6,9,5/31/2004,5/31/2004,0.0
841,22,6,1,6/1/2004,6/1/2004,0.0
842,7,6,1,6/1/2004,6/1/2004,0.0
843,86,6,1,6/2/2004,6/2/2004,28.0
844,19,6,1,6/2/2004,6/2/2004,0.0
845,1,6,1,6/2/2004,6/2/2004,0.0
846,91,6,1,6/3/2004,6/3/2004,28.0
847,21,6,1,6/3/2004,6/3/2004,0.0
848,19,6,1,6/3/2004,6/3/2004,0.0
849,97,6,1,6/3/2004,6/3/2004,0.0
850,7,6,1,6/3/2004,6/3/2004,0.0
851,79,6,1,6/7/2004,6/7/2004,0.0
852,89,6,1,6/7/2004,6/7/2004,0.0
853,22,6,1,6/7/2004,6/7/2004,0.0
854,2,6,1,6/7/2004,6/7/2004,0.0
855,13,6,1,6/7/2004,6/7/2004,28.0
856,18,6,1,6/7/2004,6/7/2004,0.0
857,8,6,1,6/8/2004,6/8/2004,0.0
858,99,6,1,6/8/2004,6/8/2004,28.0
859,18,6,1,6/8/2004,6/8/2004,0.0
860,105,6,1,6/9/2004,6/9/2004,0.0
861,106,6,1,6/9/2004,6/9/2004,0.0
862,67,6,1,6/9/2004,6/9/2004,0.0
863,107,6,1,6/9/2004,6/9/2004,0.0
865,5,6,1,6/9/2004,6/9/2004,0.0
866,32,6,1,6/9/2004,6/9/2004,0.0
867,42,6,1,6/9/2004,6/9/2004,28.0
868,102,6,1,6/10/2004,6/10/2004,0.0
869,24,6,1,6/10/2004,6/10/2004,0.0
870,108,6,1,6/10/2004,6/10/2004,28.0
872,21,6,1,6/11/2004,6/11/2004,0.0
873,84,6,1,6/11/2004,6/11/2004,0.0
874,35,6,1,6/11/2004,6/11/2004,28.0
875,22,6,1,6/12/2004,6/12/2004,0.0
876,18,6,1,6/15/2004,6/14/2004,0.0
877,89,6,1,6/15/2004,6/15/2004,0.0
878,68,6,1,6/15/2004,6/15/2004,0.0
879,3,6,1,6/15/2004,6/15/2004,0.0
880,22,6,1,6/15/2004,6/15/2004,0.0
881,2,6,1,6/15/2004,6/15/2004,0.0
882,82,6,1,6/15/2004,6/15/2004,0.0
883,87,6,1,7/1/2004,7/1/2004,0.0
884,60,6,1,6/15/2004,6/15/2004,0.0
885,109,6,1,6/17/2004,6/17/2004,0.0
886,22,6,1,6/16/2004,6/16/2004,0.0
887,23,6,1,6/16/2004,6/16/2004,0.0
888,54,6,1,7/6/2004,7/6/2004,28.0
889,21,6,1,6/17/2004,6/17/2004,0.0
890,5,6,1,6/17/2004,6/17/2004,0.0
891,40,6,1,6/18/2004,6/18/2004,0.0
892,22,6,1,6/18/2004,6/18/2004,0.0
893,21,6,1,6/19/2004,6/19/2004,0.0
894,25,6,1,6/19/2004,6/19/2003,0.0
895,7,6,1,6/19/2004,6/19/2004,0.0
896,18,6,1,6/19/2004,6/19/2004,0.0
897,110,6,1,6/28/2004,6/28/2004,28.0
898,90,6,1,6/21/2004,6/21/2004,28.0
899,22,6,1,6/21/2004,6/21/2004,0.0
900,35,6,1,6/21/2004,6/21/2004,28.0
901,111,6,1,6/21/2004,6/21/2004,0.0
904,107,6,1,6/22/2004,6/22/2004,0.0
905,22,6,1,6/22/2004,6/22/2004,0.0
906,8,6,1,6/22/2004,6/22/2004,0.0
907,25,6,1,6/23/2004,6/23/2004,0.0
908,22,6,1,6/23/2004,6/23/2004,0.0
909,67,6,1,6/23/2004,6/23/2004,0.0
910,2,6,1,6/24/2004,6/24/2004,0.0
911,22,6,1,6/24/2004,6/24/2004,0.0
912,5,6,1,6/24/2004,6/24/2004,28.0
913,101,6,1,6/25/2004,6/25/2004,28.0
914,107,6,1,6/25/2004,6/25/2004,0.0
915,21,6,1,6/26/2004,6/26/2004,0.0
916,22,6,1,6/26/2004,6/26/2004,0.0
917,96,6,1,6/28/2004,6/28/2004,28.0
918,25,6,1,6/28/2004,6/28/2003,27.3
920,5,6,1,6/28/2004,6/28/2004,0.0
921,89,6,1,6/29/2004,6/29/2004,0.0
922,2,6,1,6/30/2004,6/30/2004,0.0
923,17,6,1,6/30/2004,6/30/2004,0.0
924,23,6,1,7/1/2004,7/1/2004,0.0
925,7,6,1,7/1/2004,7/1/2004,0.0
926,112,6,1,7/1/2004,7/1/2004,28.0
927,1,6,1,7/1/2004,7/1/2004,0.0
928,35,6,1,7/1/2004,7/1/2004,25.58
929,22,6,1,7/2/2004,7/2/2004,0.0
930,84,6,1,7/2/2004,7/2/2004,0.0
931,21,6,1,7/3/2004,7/3/2004,0.0
933,18,6,1,7/3/2004,7/3/2004,0.0
934,57,6,1,7/5/2004,7/5/2004,0.0
935,22,6,1,7/5/2004,7/5/2004,0.0
936,107,6,1,8/1/2004,8/1/2004,0.0
937,19,6,1,7/5/2004,7/5/2004,0.0
938,5,6,1,7/5/2004,7/5/2004,28.0
939,6,6,1,7/6/2004,7/6/2004,0.0
940,2,6,1,7/6/2004,7/6/2004,0.0
941,5,6,1,7/6/2004,7/6/2004,0.0
942,21,6,1,7/7/2004,7/7/2004,0.0
943,19,6,1,7/7/2004,7/7/2004,0.0
944,22,6,1,7/7/2004,7/7/2004,0.0
945,67,6,1,7/7/2004,7/7/2004,0.0
946,19,6,1,7/7/2004,7/7/2004,0.0
948,7,6,1,7/7/2004,7/7/2004,0.0
949,2,6,1,7/8/2004,7/8/2004,0.0
950,22,6,1,7/8/2004,7/8/2004,0.0
951,98,6,1,7/8/2004,7/8/2004,28.2
952,84,6,1,7/8/2004,7/8/2004,0.0
953,114,6,1,7/9/2004,7/9/2004,0.0
954,108,6,1,7/9/2004,7/9/2004,28.0
955,3,6,1,7/9/2004,7/9/2004,0.0
956,34,6,1,7/9/2004,7/9/2004,0.0
957,34,6,1,7/9/2004,7/9/2004,0.0
958,6,6,1,7/12/2004,7/12/2004,0.0
959,79,6,1,7/12/2004,7/12/2004,0.0
960,2,6,1,7/12/2004,7/12/2004,0.0
961,7,6,1,7/12/2004,7/12/2004,0.0
962,5,6,1,7/12/2004,7/12/2004,24.72
963,35,6,1,7/12/2004,7/12/2004,28.0
964,21,6,1,7/13/2004,7/13/2004,0.0
965,116,6,1,7/13/2004,7/13/2004,0.0
966,22,6,1,7/13/2004,7/13/2004,0.0
968,25,6,1,7/14/2004,7/14/2004,28.0
969,40,6,1,7/14/2004,7/14/2004,0.0
970,14,6,1,7/14/2004,7/14/2004,0.0
971,14,6,1,7/14/2004,7/14/2004,0.0
972,112,6,1,7/14/2004,7/14/2004,28.0
973,26,6,1,7/15/2004,7/15/2004,0.0
974,13,6,1,7/15/2004,7/15/2004,28.0
975,3,6,1,7/15/2004,7/15/2004,0.0
976,2,6,1,7/15/2004,7/15/2004,0.0
977,2,6,1,7/15/2004,7/15/2004,0.0
978,41,6,1,7/16/2004,7/16/2004,28.0
979,117,6,1,7/16/2004,7/16/2004,0.0
980,22,6,1,7/16/2004,7/16/2004,0.0
981,26,6,1,7/16/2004,7/16/2004,0.0
982,18,6,1,7/16/2004,7/16/2004,0.0
983,7,6,1,7/16/2004,7/16/2004,0.0
984,21,6,1,7/17/2004,7/17/2004,0.0
985,5,6,1,7/17/2004,7/17/2004,0.0
986,22,6,1,7/19/2004,7/19/2004,0.0
987,40,6,1,7/19/2004,7/19/2004,0.0
988,67,6,1,7/19/2004,7/19/2004,0.0
989,22,6,1,7/20/2004,7/20/2004,0.0
990,110,6,1,7/20/2004,7/20/2004,28.0
991,18,6,1,7/20/2004,7/20/2004,0.0
992,5,6,1,7/20/2004,7/20/2004,28.0
993,98,6,1,7/21/2004,7/21/2004,28.0
994,118,6,1,7/22/2004,7/22/2004,28.0
995,17,6,1,7/22/2004,7/22/2004,0.0
996,24,6,1,7/23/2004,7/23/2004,0.0
997,1,6,1,7/23/2004,7/23/2004,0.0
998,45,6,1,7/23/2004,7/23/2004,0.0
999,84,6,1,7/23/2004,7/23/2004,0.0
1000,5,6,1,7/23/2004,7/23/2004,0.0
1001,32,6,1,7/23/2004,7/23/2004,0.0
1002,21,6,1,7/26/2004,7/26/2004,0.0
1003,42,6,1,7/26/2004,7/26/2004,28.0
1004,2,6,1,7/27/2004,7/27/2004,0.0
1005,18,6,1,7/27/2004,7/27/2004,0.0
1006,37,6,1,7/29/2004,7/29/2004,0.0
1007,89,6,1,9/1/2004,9/1/2004,0.0
1008,22,6,1,7/29/2004,7/29/2004,0.0
1009,7,6,1,7/30/2004,7/30/2004,0.0
1010,2,6,1,8/2/2004,8/2/2004,0.0
1012,119,6,1,8/4/2004,8/4/2004,0.0
1013,32,6,1,8/4/2004,8/4/2004,0.0
1014,13,6,1,8/5/2004,8/5/2004,28.0
1015,120,6,1,8/5/2004,8/5/2004,28.0
1017,40,6,1,8/6/2004,8/6/2004,0.0
1018,35,6,1,8/7/2004,8/7/2004,28.0
1019,22,6,1,8/9/2004,8/9/2004,0.0
1020,59,6,1,8/9/2004,8/9/2004,0.0
1021,2,6,1,8/9/2004,8/9/2004,0.0
1022,40,6,1,8/10/2004,8/10/2004,0.0
1023,122,6,1,8/10/2004,8/10/2004,0.0
1024,123,6,1,8/11/2004,8/11/2004,0.0
1025,124,6,1,8/11/2004,8/11/2004,28.0
1026,22,6,1,8/12/2004,8/12/2004,0.0
1027,21,6,1,8/12/2004,8/12/2004,0.0
1029,84,6,1,8/12/2004,8/12/2004,0.0
1030,126,6,1,8/12/2004,8/12/2004,0.0
1031,40,6,1,8/13/2004,8/13/2004,0.0
1032,3,6,1,8/13/2004,8/13/2004,0.0
1033,2,6,1,8/13/2004,8/13/2004,0.0
1034,17,6,1,8/13/2004,8/13/2004,0.0
1036,18,6,1,8/13/2004,8/13/2004,0.0
1037,127,6,1,8/13/2004,8/13/2004,0.0
1038,128,6,1,8/16/2004,8/16/2004,0.0
1039,32,6,1,8/16/2004,8/16/2004,0.0
1040,18,6,1,8/16/2004,8/16/2004,0.0
1041,67,6,1,8/16/2004,8/16/2004,0.0
1042,22,6,1,8/17/2004,8/17/2004,0.0
1043,129,6,1,8/17/2004,8/17/2004,0.0
1045,90,6,1,8/18/2004,8/18/2004,28.0
1046,6,6,1,8/19/2004,8/19/2004,0.0
1047,5,6,1,8/19/2004,8/19/2004,0.0
1048,22,6,1,8/19/2004,8/19/2004,0.0
1049,2,6,1,8/19/2004,8/19/2004,0.0
1050,1,6,1,8/19/2004,8/19/2004,0.0
1051,17,6,1,8/19/2004,8/19/2004,0.0
1052,22,6,1,8/19/2004,8/19/2004,0.0
1053,3,6,1,8/19/2004,8/19/2004,0.0
1054,18,6,1,8/19/2004,8/19/2004,0.0
1055,5,6,1,8/19/2004,8/19/2004,0.0
1056,2,6,1,8/20/2004,8/20/2004,0.0
1057,40,6,1,8/20/2004,8/20/2004,0.0
1058,5,6,1,8/20/2004,8/20/2004,0.0
1059,21,6,1,8/20/2004,8/20/2004,0.0
1060,5,6,1,8/20/2004,8/20/2004,0.0
1061,3,6,1,8/20/2004,8/20/2004,0.0
1062,13,6,1,8/20/2004,8/20/2004,28.0
1063,22,6,1,8/20/2004,8/20/2004,0.0
1064,67,6,1,8/20/2004,8/20/2004,0.0
1065,111,6,1,8/20/2004,8/20/2004,0.0
1066,82,6,1,8/20/2004,8/20/2004,0.0
1067,40,6,1,8/21/2004,8/21/2004,0.0
1068,91,6,1,9/1/2004,9/1/2004,28.0
1069,7,6,1,8/21/2004,8/21/2004,0.0
1070,22,6,1,8/23/2004,8/23/2004,0.0
1071,79,6,1,8/23/2004,8/23/2004,0.0
1072,127,6,1,8/23/2004,8/23/2004,28.0
1073,112,6,1,8/23/2004,8/23/2004,28.0
1074,6,6,1,8/23/2004,8/23/2004,0.0
1075,40,6,1,8/24/2004,8/24/2004,0.0
1076,79,6,1,8/24/2004,8/24/2004,0.0
1077,3,6,1,8/24/2004,8/24/2004,0.0
1078,1,6,1,8/24/2004,8/24/2004,0.0
1079,6,6,1,8/24/2004,8/24/2004,0.0
1080,2,6,1,8/24/2004,8/24/2004,0.0
1081,2,6,1,8/24/2004,8/24/2004,0.0
1082,3,6,1,8/24/2004,8/24/2004,0.0
1083,1,6,1,8/24/2004,8/24/2004,0.0
1084,6,6,1,8/24/2004,8/24/2004,0.0
1085,67,6,1,8/24/2004,8/24/2004,0.0
1086,35,6,1,8/24/2004,8/24/2004,28.0
1087,40,6,1,8/25/2004,8/25/2004,0.0
1088,131,6,1,8/25/2004,8/25/2004,0.0
1089,84,6,1,8/25/2004,8/25/2004,0.0
1090,63,6,1,9/1/2004,9/1/2004,28.0
1091,107,6,1,8/25/2004,8/25/2004,0.0
1092,18,6,1,8/25/2004,8/25/2004,0.0
1093,18,6,1,8/26/2004,8/26/2004,0.0
1094,1,6,1,8/26/2004,8/26/2004,0.0
1095,57,6,1,8/27/2004,8/27/2004,0.0
1096,40,6,1,8/27/2004,8/27/2004,0.0
1097,108,6,1,9/1/2004,9/1/2004,28.0
1098,21,6,1,8/27/2004,8/27/2004,0.0
1099,2,6,1,8/27/2004,8/27/2004,0.0
1100,42,6,1,8/27/2004,8/27/2004,28.0
1101,5,6,1,8/27/2004,8/27/2004,28.0
1103,19,6,1,9/1/2004,9/1/2004,0.0
1104,18,6,1,8/31/2004,8/31/2004,0.0
1105,64,6,1,9/1/2004,9/1/2004,28.0
1106,40,6,1,9/1/2004,9/1/2004,0.0
1107,24,6,1,9/2/2004,9/2/2004,0.0
1108,18,6,1,9/2/2004,9/2/2004,0.0
1109,7,6,1,9/2/2004,9/2/2004,0.0
1110,101,6,1,9/3/2004,9/3/2004,28.0
1111,5,6,1,9/4/2004,9/4/2004,28.0
1112,7,6,1,9/4/2004,9/4/2004,0.0
1113,86,6,1,9/6/2004,9/6/2004,31.0
1114,32,6,1,9/7/2004,9/7/2004,0.0
1115,22,6,1,9/7/2004,9/7/2004,0.0
1116,32,6,1,9/7/2004,9/7/2004,0.0
1117,110,6,1,9/7/2004,9/7/2004,31.0
1118,5,6,1,9/7/2004,9/7/2004,0.0
1119,41,6,1,9/8/2004,9/8/2004,31.0
1120,74,6,1,9/9/2004,9/9/2004,0.0
1121,3,6,1,9/9/2004,9/9/2004,0.0
1122,34,6,1,9/9/2004,9/9/2004,0.0
1123,18,6,1,9/9/2004,9/9/2004,0.0
1125,25,6,1,9/10/2004,9/10/2004,0.0
1126,13,6,1,9/10/2004,9/10/2004,31.0
1127,82,6,1,9/11/2004,9/11/2004,14.35
1128,22,6,1,9/13/2004,9/13/2004,0.0
1129,130,6,1,9/13/2004,9/13/2004,31.0
1130,18,6,1,9/13/2004,9/13/2004,0.0
1131,117,6,1,9/14/2004,9/14/2004,0.0
1132,40,6,1,9/14/2004,9/14/2004,0.0
1133,5,6,1,9/14/2004,9/14/2004,31.0
1134,32,6,1,9/15/2004,9/15/2004,0.0
1135,40,6,1,9/15/2004,9/15/2004,0.0
1136,5,6,1,9/15/2004,9/15/2004,0.0
1137,2,1,1,9/15/2004,9/15/2004,0.0
1138,18,1,1,9/15/2004,9/15/2004,0.0
1139,132,1,1,9/15/2004,9/15/2004,0.0
1140,132,6,1,9/16/2004,9/16/2004,0.0
1141,32,6,1,9/16/2004,9/16/2004,0.0
1142,7,6,1,9/17/2004,9/17/2004,0.0
1143,24,6,1,9/17/2004,9/17/2004,0.0
1144,45,6,1,9/20/2004,9/20/2004,0.0
1145,21,6,1,9/20/2004,9/20/2004,0.0
1146,22,6,1,9/20/2004,9/20/2004,0.0
1148,2,6,1,9/21/2004,9/21/2004,0.0
1149,40,6,1,9/23/2004,9/23/2004,0.0
1150,79,6,1,9/23/2004,9/23/2004,0.0
1151,102,6,1,9/23/2004,9/23/2004,0.0
1152,17,6,1,9/23/2004,9/23/2004,0.0
1153,18,6,1,9/23/2004,9/23/2004,0.0
1154,84,6,1,9/23/2004,9/23/2004,0.0
1155,133,6,1,9/24/2004,9/24/2004,0.0
1156,64,6,1,9/25/2004,9/25/2004,31.0
1158,3,6,1,9/27/2004,9/27/2004,0.0
1159,18,6,1,9/28/2004,9/28/2004,0.0
1160,134,6,1,9/29/2004,9/29/2004,0.0
1161,60,6,1,10/1/2004,10/1/2004,0.0
1163,134,6,1,10/1/2004,10/1/2004,0.0
1164,6,6,1,10/1/2004,10/1/2004,0.0
1165,101,6,1,10/1/2004,1/1/2004,0.0
1166,7,6,1,10/2/2004,10/2/2002,0.0
1167,22,12,1,10/21/2004,10/21/2004,0.0
1168,40,6,1,10/4/2004,10/4/2004,0.0
1169,37,6,1,10/4/2004,10/4/2004,0.0
1170,135,6,1,10/4/2004,10/4/2004,0.0
1171,5,6,1,10/4/2004,10/4/2004,31.0
1172,136,6,1,10/5/2004,10/5/2004,0.0
1173,137,6,1,10/6/2004,10/6/2004,0.0
1174,13,6,1,10/6/2004,1/6/2004,31.0
1175,32,6,1,10/6/2004,10/6/2004,0.0
1176,41,6,1,10/6/2004,10/6/2004,31.0
1177,138,6,1,10/7/2004,10/7/2004,31.0
1178,32,6,1,10/7/2004,10/7/2004,0.0
1179,82,6,1,10/7/2004,10/7/2004,0.0
1180,139,6,1,10/8/2004,10/8/2004,0.0
1181,25,6,1,10/9/2004,10/9/2004,0.0
1182,140,6,1,10/9/2004,10/9/2004,31.0
1183,18,6,1,10/9/2004,10/9/2004,0.0
1184,21,6,1,10/11/2004,10/11/2001,0.0
1185,40,6,1,10/11/2004,10/11/2004,0.0
1186,141,6,1,10/11/2004,10/11/2004,31.0
1187,5,6,1,10/11/2004,10/11/2004,31.0
1188,5,6,1,10/12/2004,10/12/2004,0.0
1189,18,6,1,10/12/2004,10/12/2004,0.0
1190,82,6,1,10/13/2004,10/13/2004,0.0
1191,8,6,1,10/13/2004,10/13/2004,0.0
1192,2,6,1,10/13/2004,10/13/2004,0.0
1193,142,6,1,10/13/2004,10/13/2004,0.0
1194,143,6,1,10/14/2004,10/14/2004,0.0
1195,142,6,1,10/15/2004,10/15/2004,0.0
1196,84,12,1,10/15/2004,10/15/2004,0.0
1197,136,6,1,10/16/2004,10/16/2004,0.0
1198,7,6,1,10/16/2004,10/16/2004,0.0
1199,6,6,1,10/18/2004,10/18/2004,0.0
1200,140,6,1,10/18/2004,10/18/2004,0.0
1201,21,6,1,10/18/2004,10/18/2004,0.0
1202,140,6,1,10/18/2004,10/18/2004,9.2
1203,35,6,1,10/19/2004,10/19/2004,31.0
1204,18,6,1,10/19/2004,10/19/2004,0.0
1206,40,6,1,10/20/2004,10/20/2001,0.0
1207,7,6,1,11/1/2004,11/1/2004,0.0
1210,145,12,1,11/1/2004,11/1/2004,17.0
1211,22,12,1,10/21/2004,10/21/2004,0.0
1212,84,12,1,10/21/2004,10/21/2004,0.0
1213,67,12,1,10/21/2004,10/21/2004,0.0
1214,32,12,1,10/21/2004,10/21/2004,0.0
1216,7,12,1,10/22/2004,10/22/2004,0.0
1217,82,12,1,10/23/2004,10/23/2004,0.0
1218,147,12,1,11/5/2004,11/5/2004,31.0
1219,148,12,1,10/25/2004,10/25/2004,0.0
1220,40,12,1,10/26/2004,10/26/2004,0.0
1221,147,12,1,10/27/2004,10/27/2004,31.0
1223,149,12,1,11/2/2004,11/2/2004,17.0
1225,5,12,1,10/27/2004,10/27/2004,31.0
1226,18,12,1,10/27/2004,10/27/2004,0.0
1228,3,12,1,10/28/2004,10/28/2004,0.0
1229,151,12,1,10/28/2004,10/28/2004,31.0
1231,140,12,1,11/3/2004,11/3/2004,31.0
1232,21,12,1,10/30/2004,10/30/2004,0.0
1233,8,12,1,10/30/2004,10/30/2004,0.0
1234,40,6,1,11/1/2004,11/1/2004,0.0
1235,7,6,1,11/3/2004,11/3/2004,0.0
1236,151,6,1,11/3/2004,11/3/2004,31.0
1237,110,6,1,11/3/2004,11/3/2004,31.0
1238,40,6,1,11/3/2004,11/3/2004,0.0
1239,18,6,1,11/3/2004,11/3/2004,0.0
1240,47,6,1,11/4/2004,11/4/2004,0.0
1241,42,6,1,11/5/2004,11/5/2004,31.0
1242,112,6,1,11/5/2004,11/5/2004,31.0
1243,7,6,1,11/5/2004,11/5/2004,0.0
1244,2,6,1,11/6/2004,11/6/2004,0.0
1245,140,6,1,11/9/2004,11/9/2004,31.0
1246,40,6,1,11/9/2004,11/9/2004,0.0
1247,8,6,1,11/9/2004,11/9/2004,0.0
1249,152,6,1,11/9/2004,11/9/2004,31.0
1250,18,6,1,11/9/2004,11/9/2004,0.0
1251,47,6,1,11/10/2004,11/10/2004,31.0
1252,21,6,1,11/10/2004,11/10/2004,0.0
1253,5,6,1,11/10/2004,11/10/2004,31.0
1254,151,6,1,11/10/2004,11/10/2004,31.0
1255,1,6,1,11/11/2004,11/11/2004,0.0
1256,40,6,1,11/12/2004,11/12/2004,0.0
1257,84,6,1,11/12/2004,11/12/2004,0.0
1258,8,6,1,11/12/2004,11/12/2004,0.0
1259,7,6,1,11/12/2004,11/12/2004,0.0
1260,153,6,1,11/12/2004,11/12/2004,31.0
1261,24,6,1,11/12/2004,11/12/2004,32.5
1262,40,6,1,11/13/2004,11/13/2004,0.0
1263,40,6,1,11/13/2004,11/13/2004,0.0
1264,22,6,1,11/13/2004,11/13/2004,0.0
1265,22,6,1,11/15/2004,11/15/2004,0.0
1266,21,6,1,11/15/2004,11/15/2004,0.0
1267,127,6,1,11/15/2004,11/15/2004,0.0
1268,19,6,1,11/16/2004,11/16/2004,0.0
1269,7,6,1,11/16/2004,11/16/2004,0.0
1270,40,6,1,11/16/2004,11/16/2004,0.0
1271,155,6,1,11/16/2004,11/16/2004,31.0
1272,149,6,1,11/16/2004,11/16/2004,31.0
1273,17,6,1,11/16/2004,11/16/2004,0.0
1274,148,6,1,11/16/2004,11/16/2004,0.0
1276,5,6,1,11/17/2004,11/17/2004,31.0
1277,22,6,1,11/17/2004,11/17/2004,0.0
1278,156,6,1,11/17/2004,11/17/2004,0.0
1279,22,6,1,11/17/2004,11/17/2004,0.0
1280,57,6,1,11/18/2004,11/18/2004,0.0
1281,40,6,1,11/19/2004,11/19/2004,0.0
1282,40,6,1,11/19/2004,11/19/2004,0.0
1283,8,6,1,11/19/2004,11/19/2004,0.0
1284,22,6,1,11/19/2004,11/19/2004,0.0
1285,7,6,1,11/19/2004,11/19/2004,0.0
1286,40,6,1,11/20/2004,11/20/2004,0.0
1287,22,6,1,11/20/2004,11/20/2004,0.0
1288,157,1,1,11/22/2004,11/22/2004,0.0
1289,32,6,1,11/23/2004,11/23/2004,0.0
1290,102,6,1,11/24/2004,11/24/2004,0.0
1291,64,6,1,11/24/2004,11/24/2004,31.0
1292,13,6,1,11/24/2004,11/24/2004,31.0
1293,18,6,1,11/24/2004,11/24/2004,0.0
1294,142,6,1,11/25/2004,11/25/2004,0.0
1295,40,6,1,11/25/2004,11/25/2004,0.0
1296,2,6,1,11/25/2004,11/25/2004,0.0
1297,3,6,1,11/25/2004,11/25/2004,0.0
1298,63,6,1,12/1/2004,12/1/2004,30.75
1299,40,6,1,11/26/2004,11/26/2004,0.0
1300,158,6,1,11/26/2004,11/26/2004,0.0
1301,138,6,1,12/2/2004,12/2/2004,31.0
1302,159,6,1,11/26/2004,11/26/2004,31.0
1303,40,6,1,11/27/2004,11/27/2004,0.0
1304,7,6,1,11/27/2004,11/27/2004,0.0
1305,25,6,1,11/27/2004,11/27/2004,0.0
1306,35,6,1,12/1/2004,12/1/2004,31.0
1307,82,6,1,11/30/2004,11/30/2004,0.0
1308,22,6,1,11/29/2004,11/29/2004,0.0
1309,22,6,1,11/29/2004,11/29/2004,0.0
1310,41,6,1,12/1/2004,12/1/2004,31.0
1311,110,6,1,12/1/2004,12/1/2004,31.0
1312,145,6,1,12/1/2004,12/1/2004,31.0
1313,40,6,1,12/1/2004,12/1/2004,0.0
1314,1,6,1,12/1/2004,12/1/2004,0.0
1315,45,6,1,12/1/2004,12/1/2004,0.0
1317,161,6,1,12/3/2004,12/3/2004,0.0
1318,19,6,1,12/3/2004,12/3/2004,0.0
1320,19,6,1,12/3/2004,12/3/2004,0.0
1321,32,6,1,12/3/2004,12/3/2004,0.0
1322,42,6,1,12/4/2004,12/4/2004,31.0
1323,22,6,1,12/6/2004,12/6/2004,0.0
1324,81,6,1,12/6/2004,12/6/2004,0.0
1325,5,6,1,12/6/2004,12/6/2004,31.0
1326,162,6,1,12/6/2004,12/6/2004,0.0
1327,163,12,1,12/6/2004,12/6/2004,0.0
1328,18,12,1,12/6/2004,12/6/2004,0.0
1329,22,6,1,12/7/2004,12/7/2004,0.0
1330,164,6,1,12/7/2004,12/7/2004,31.0
1331,34,6,1,12/7/2004,12/7/2004,0.0
1332,2,6,1,12/8/2004,12/8/2004,0.0
1333,2,6,1,12/8/2004,12/8/2004,0.0
1334,165,6,1,12/8/2004,12/8/2004,0.0
1335,17,6,1,12/9/2004,12/9/2004,0.0
1336,84,6,1,12/10/2004,12/10/2004,31.0
1337,21,6,1,12/11/2004,12/11/2004,0.0
1338,161,6,1,12/14/2004,12/14/2004,0.0
1339,57,6,1,12/14/2004,12/14/2004,0.0
1340,22,6,1,12/15/2004,12/15/2004,0.0
1341,135,6,1,12/15/2004,12/15/2004,0.0
1342,147,6,1,12/15/2004,12/15/2004,31.0
1343,166,6,1,12/15/2004,12/15/2004,0.0
1344,60,6,1,12/17/2004,12/17/2004,31.0
1345,120,6,1,12/17/2004,12/17/2004,31.0
1346,5,6,1,12/17/2004,12/17/2004,31.0
1347,18,6,1,12/17/2004,12/17/2004,0.0
1348,5,6,1,12/18/2004,12/18/2004,0.0
1349,7,6,1,12/18/2004,12/18/2004,0.0
1350,35,6,1,12/18/2004,12/18/2004,31.7
1351,8,6,1,12/18/2004,12/18/2004,0.0
1352,21,6,1,12/20/2004,12/20/2004,0.0
1353,6,6,1,12/20/2004,12/20/2004,0.0
1354,167,6,1,12/21/2004,12/21/2004,0.0
1355,2,6,1,12/21/2004,12/21/2004,0.0
1356,3,6,1,12/21/2004,12/21/2004,0.0
1357,152,6,1,12/22/2004,12/22/2004,31.0
1358,162,6,1,12/22/2004,12/22/2004,0.0
1360,152,6,1,12/23/2004,12/23/2004,0.0
1361,6,6,1,12/23/2004,12/23/2004,0.0
1362,22,6,1,12/23/2004,12/23/2004,0.0
1363,8,6,1,12/23/2004,12/23/2004,0.0
1364,84,6,1,12/24/2004,12/24/2004,0.0
1365,7,6,1,12/24/2004,12/24/2004,0.0
1366,40,6,1,12/25/2004,12/25/2004,0.0
1367,25,6,1,12/25/2004,12/25/2004,0.0
1368,7,6,1,12/25/2004,12/25/2004,0.0
1369,5,6,1,12/28/2004,12/28/2004,31.0
1370,40,6,1,12/28/2004,12/28/2004,0.0
1371,2,6,1,1/1/2005,1/1/2005,0.0
1372,18,6,1,12/28/2004,12/28/2004,0.0
1373,21,6,1,12/29/2004,12/29/2004,0.0
1374,13,6,1,1/1/2005,1/1/2005,31.0
1375,7,6,1,12/30/2004,12/30/2004,0.0
1376,21,6,1,1/11/2005,1/11/2005,0.0
1377,58,6,1,1/11/2005,1/11/2005,0.0
1378,17,6,1,1/11/2005,1/11/2005,0.0
1379,40,6,1,1/11/2005,1/11/2005,0.0
1380,19,6,1,1/11/2005,1/11/2005,0.0
1381,18,6,1,1/11/2005,1/11/2005,0.0
1382,19,6,1,1/11/2005,1/11/2005,0.0
1383,169,6,1,1/12/2005,1/12/2005,0.0
1384,149,6,1,1/12/2005,1/12/2005,31.0
1385,110,6,1,1/13/2005,1/13/2005,31.0
1386,163,6,1,1/13/2005,1/13/2005,0.0
1387,24,6,1,1/13/2005,1/13/2005,0.0
1388,8,6,1,1/13/2005,1/13/2005,0.0
1389,170,6,1,1/14/2005,1/14/2005,0.0
1390,7,6,1,1/14/2005,1/14/2005,0.0
1391,84,6,1,1/14/2005,1/14/2005,0.0
1392,171,6,1,1/15/2005,1/15/2005,31.0
1393,40,6,1,1/15/2005,1/15/2005,0.0
1394,7,6,1,1/16/2005,1/16/2005,0.0
1395,57,6,1,1/17/2005,1/17/2005,0.0
1396,155,6,1,1/17/2005,1/17/2005,31.0
1397,2,6,1,1/17/2005,1/17/2005,0.0
1398,3,6,1,1/17/2005,1/17/2005,0.0
1399,7,6,1,1/17/2005,1/17/2005,0.0
1400,35,6,1,1/17/2005,1/17/2005,31.0
1401,6,6,1,1/18/2005,1/18/2005,0.0
1403,3,6,1,1/18/2005,1/18/2005,0.0
1404,112,6,1,1/18/2005,1/18/2005,31.0
1405,172,6,1,1/19/2005,1/19/2005,0.0
1406,173,6,1,1/19/2005,1/19/2005,15.0
1407,40,6,1,1/19/2005,1/19/2005,0.0
1408,142,6,1,1/19/2005,1/19/2005,0.0
1409,162,6,1,1/19/2005,1/19/2005,0.0
1410,174,6,1,1/19/2005,1/19/2005,0.0
1411,98,6,1,1/19/2005,1/19/2005,31.0
1412,40,6,1,1/20/2005,1/20/2005,0.0
1413,175,6,1,1/20/2005,1/20/2005,0.0
1414,32,6,1,1/21/2005,1/21/2005,0.0
1415,8,6,1,1/21/2005,1/21/2005,0.0
1416,32,6,1,1/21/2005,1/21/2005,0.0
1417,81,6,1,1/22/2005,1/22/2005,0.0
1418,40,6,1,1/22/2005,1/22/2005,0.0
1419,5,6,1,1/22/2005,1/22/2005,31.0
1420,152,6,1,1/22/2005,1/22/2005,31.0
1421,21,6,1,1/24/2005,1/24/2005,0.0
1422,37,6,1,1/24/2005,1/24/2005,0.0
1423,5,6,1,1/24/2005,1/24/2005,0.0
1424,7,6,1,1/24/2005,1/24/2005,0.0
1425,60,6,1,1/25/2005,1/25/2005,31.0
1426,148,6,1,2/1/2005,2/1/2005,0.0
1427,45,6,1,1/25/2005,1/25/2005,0.0
1428,57,6,1,1/26/2005,1/26/2005,0.0
1429,64,6,1,1/26/2005,1/26/2005,31.0
1431,18,6,9,1/26/2005,1/26/2005,0.0
1433,145,6,1,2/1/2005,2/1/2005,31.0
1434,1,6,1,1/27/2005,1/27/2005,0.0
1435,25,6,1,1/27/2005,1/27/2005,0.0
1436,153,6,1,2/1/2005,2/1/2005,0.0
1437,24,6,1,1/28/2005,1/28/2005,0.0
1438,110,6,1,2/1/2005,2/1/2005,31.0
1439,7,6,1,1/28/2005,1/28/2005,0.0
1440,84,6,1,1/28/2005,1/28/2005,0.0
1441,111,6,1,3/1/2005,3/1/2005,0.0
1442,112,6,1,2/1/2005,2/1/2005,31.0
1443,87,6,1,3/1/2005,3/1/2005,0.0
1444,6,6,1,2/1/2005,2/1/2005,0.0
1445,2,6,1,2/1/2005,2/1/2005,0.0
1446,159,6,1,2/1/2005,2/1/2005,31.0
1447,176,6,1,2/2/2005,2/2/2005,0.0
1448,177,6,1,2/2/2005,2/2/2005,0.0
1449,8,6,1,2/2/2005,2/2/2005,0.0
1450,25,6,1,2/2/2005,2/2/2005,0.0
1451,158,6,1,2/3/2005,2/3/2005,0.0
1452,178,6,1,2/3/2005,2/3/2005,0.0
1453,152,6,1,2/3/2005,2/3/2005,31.0
1454,7,6,1,2/4/2005,2/4/2005,0.0
1455,35,6,1,2/4/2005,2/4/2005,31.0
1456,98,6,1,2/7/2005,2/7/2005,31.0
1457,42,6,1,2/7/2005,2/7/2005,31.0
1458,140,6,1,2/7/2005,2/7/2005,31.0
1459,140,6,1,2/7/2005,2/7/2005,31.0
1460,21,6,1,2/8/2005,2/8/2005,0.0
1461,2,6,1,2/8/2005,2/8/2005,0.0
1462,5,6,9,2/8/2005,2/8/2005,31.0
1463,7,6,1,2/8/2005,2/8/2005,0.0
1464,5,6,1,2/9/2005,2/9/2005,0.0
1465,170,6,1,2/9/2005,2/9/2005,0.0
1466,19,6,1,2/9/2005,2/9/2005,0.0
1467,175,6,1,2/9/2005,2/9/2005,0.0
1468,19,6,1,2/9/2005,2/9/2005,0.0
1469,151,6,1,2/9/2005,2/9/2005,31.0
1470,76,6,1,2/10/2005,2/10/2005,0.0
1471,164,6,1,2/10/2005,2/10/2005,31.0
1472,5,6,1,2/10/2005,2/10/2005,31.0
1473,84,6,1,2/11/2005,2/11/2005,31.0
1474,40,6,1,2/11/2005,2/11/2005,0.0
1475,41,6,1,2/11/2005,2/11/2005,31.0
1476,179,6,1,2/11/2005,2/11/2005,31.0
1477,180,6,1,2/11/2005,2/11/2005,0.0
1478,40,6,1,2/12/2005,2/12/2005,0.0
1479,74,6,1,2/12/2005,2/12/2005,0.0
1480,7,6,1,2/12/2005,2/12/2005,0.0
1481,6,6,1,2/14/2005,2/14/2005,0.0
1482,167,6,1,2/14/2005,2/14/2005,0.0
1483,21,6,1,2/14/2005,2/14/2005,0.0
1484,1,6,1,2/14/2005,2/14/2005,0.0
1485,13,6,1,2/14/2005,2/14/2005,31.0
1486,173,6,1,2/15/2005,2/15/2005,31.0
1487,40,6,1,2/15/2005,2/15/2005,0.0
1488,40,6,1,2/15/2005,2/15/2005,0.0
1489,139,6,1,2/15/2005,2/15/2005,0.0
1490,2,6,1,2/15/2005,2/15/2005,0.0
1491,181,6,1,2/15/2005,2/15/2005,31.0
1492,35,6,1,2/15/2005,2/15/2005,31.0
1493,161,6,1,2/16/2005,2/16/2005,0.0
1494,25,6,1,2/16/2005,2/16/2005,0.0
1495,3,6,1,2/16/2005,2/16/2005,0.0
1496,182,6,1,2/16/2005,2/16/2005,0.0
1497,110,6,1,2/17/2005,2/17/2005,31.0
1498,152,6,1,2/17/2005,2/17/2005,31.0
1499,183,6,1,2/17/2005,2/17/2005,16.0
1500,184,6,1,2/17/2005,2/17/2005,0.0
1501,162,6,1,2/17/2005,2/17/2005,0.0
1502,7,6,1,2/18/2005,2/18/2005,0.0
1503,57,6,1,2/21/2005,2/21/2005,0.0
1504,40,6,1,2/21/2005,2/21/2005,0.0
1505,21,6,1,2/21/2005,2/21/2005,0.0
1506,60,6,1,2/21/2005,2/21/2005,31.0
1508,112,6,1,2/21/2005,2/21/2005,31.0
1509,182,6,1,2/22/2005,2/22/2005,31.0
1510,186,6,1,2/22/2005,2/22/2005,31.0
1511,40,6,1,2/24/2005,2/24/2005,0.0
1512,84,6,1,2/24/2005,2/24/2005,0.0
1513,187,6,1,2/25/2005,2/25/2005,0.0
1514,32,6,1,2/25/2005,2/25/2005,0.0
1515,169,6,1,2/25/2005,2/25/2005,0.0
1516,188,6,1,3/1/2005,3/1/2005,31.0
1517,7,6,1,2/26/2005,2/26/2005,0.0
1518,13,6,1,3/2/2005,3/2/2005,31.0
1519,2,6,1,3/2/2005,3/2/2005,0.0
1520,5,6,1,3/3/2005,3/3/2005,0.0
1521,17,6,1,3/2/2005,3/2/2005,0.0
1522,189,6,1,3/1/2005,3/1/2005,0.0
1523,40,6,1,3/3/2005,3/3/2005,0.0
1524,164,6,1,2/28/2005,2/28/2005,31.0
1525,64,6,1,3/1/2005,3/1/2005,31.0
1526,186,6,1,3/1/2005,3/1/2005,31.0
1527,32,6,1,2/28/2005,2/28/2005,0.0
1528,190,6,1,3/1/2005,3/1/2005,31.0
1529,191,6,1,3/1/2005,3/1/2005,31.0
1530,170,6,1,3/1/2005,3/1/2005,0.0
1531,186,6,1,3/1/2005,3/1/2005,0.0
1532,41,6,1,3/3/2005,3/3/2005,31.0
1533,7,6,1,3/3/2005,3/3/2005,0.0
1534,24,6,1,2/18/2005,2/18/2005,31.0
1535,7,6,1,3/4/2005,3/4/2005,0.0
1536,32,6,1,3/4/2005,3/4/2005,0.0
1537,40,6,1,3/5/2005,3/5/2005,0.0
1538,32,6,1,3/5/2005,3/5/2005,0.0
1539,82,6,1,3/5/2005,3/5/2005,0.0
1540,25,6,1,3/5/2005,3/5/2005,0.0
1541,186,6,1,3/9/2005,3/9/2005,31.0
1542,60,6,1,3/9/2005,3/9/2005,31.0
1543,192,6,1,3/10/2005,3/10/2005,0.0
1544,149,6,1,3/10/2005,3/10/2005,31.0
1545,32,6,1,3/11/2005,3/11/2005,0.0
1546,186,12,1,3/11/2005,3/11/2005,31.0
1547,34,6,1,3/11/2005,3/11/2005,0.0
1548,135,6,1,3/12/2005,3/12/2005,0.0
1549,173,6,1,3/14/2005,3/14/2005,31.0
1550,152,6,1,3/15/2005,3/15/2005,31.0
1551,163,6,1,3/21/2005,3/21/2005,0.0
1552,37,6,1,3/21/2005,3/21/2005,0.0
1553,98,6,1,3/21/2005,3/21/2005,31.0
1554,110,6,1,4/1/2005,4/1/2005,31.0
1555,120,6,1,3/22/2005,3/22/2005,31.0
1556,64,6,1,3/23/2005,3/23/2005,31.0
1557,170,6,1,4/1/2005,4/1/2005,0.0
1558,152,6,1,3/23/2005,3/23/2005,31.0
1560,7,6,1,3/24/2005,3/24/2005,0.0
1561,98,6,1,3/24/2005,3/24/2005,31.0
1562,182,6,1,3/24/2005,3/24/2005,31.0
1563,87,6,1,3/25/2005,3/25/2005,0.0
1564,82,6,1,3/25/2005,3/25/2005,0.0
1565,32,6,1,3/25/2005,3/25/2005,0.0
1566,19,6,1,3/28/2005,3/28/2005,0.0
1567,161,6,1,3/28/2005,3/28/2005,0.0
1568,148,6,1,3/29/2005,3/29/2005,0.0
1569,45,6,1,3/29/2005,3/29/2005,0.0
1570,24,6,1,3/30/2005,3/30/2005,31.0
1571,13,6,1,4/1/2005,4/1/2005,31.0
1572,112,6,1,4/1/2005,4/1/2005,31.0
1573,84,6,1,4/1/2005,4/1/2005,0.0
1574,2,6,1,3/31/2005,3/31/2005,0.0
1575,5,6,1,3/31/2005,3/31/2005,31.0
1576,21,6,1,4/1/2005,4/1/2005,0.0
1577,81,6,1,4/1/2005,4/1/2005,0.0
1578,41,6,1,4/1/2005,4/1/2005,31.0
1579,32,6,1,4/1/2005,4/1/2005,0.0
1580,7,6,1,4/2/2005,4/2/2005,0.0
1581,40,6,1,4/4/2005,4/4/2005,0.0
1582,194,6,1,4/4/2005,4/4/2005,0.0
1583,37,6,1,4/4/2005,4/4/2005,0.0
1584,155,6,1,4/5/2005,4/5/2005,31.0
1585,32,6,1,4/5/2005,4/5/2005,0.0
1586,173,6,1,4/6/2005,4/6/2005,31.0
1587,24,6,1,4/8/2005,4/8/2005,31.0
1588,60,6,1,4/9/2005,4/9/2005,31.0
1589,57,6,1,4/11/2005,4/11/2005,0.0
1590,2,6,1,4/11/2005,4/11/2005,0.0
1591,84,6,1,4/12/2005,4/12/2005,0.0
1592,2,6,1,4/18/2005,4/18/2005,0.0
1594,21,6,1,4/18/2005,4/18/2005,0.0
1595,3,6,1,4/19/2005,4/19/2005,0.0
1596,162,6,1,4/19/2005,4/19/2005,0.0
1597,2,6,1,4/19/2005,4/19/2005,0.0
1598,21,6,1,4/19/2005,4/19/2005,0.0
1599,152,6,1,4/19/2005,4/19/2005,31.0
1600,5,6,1,4/19/2005,4/19/2005,31.0
1601,35,6,1,4/19/2005,4/19/2005,31.0
1602,6,6,1,4/20/2005,4/20/2005,0.0
1603,108,6,1,4/20/2005,4/20/2005,31.0
1604,127,6,1,4/20/2005,4/20/2005,0.0
1605,190,6,1,4/21/2005,4/21/2005,31.0
1606,112,6,1,4/21/2005,4/21/2005,31.0
1607,98,6,1,4/21/2005,4/21/2005,31.0
1608,19,6,1,4/22/2005,4/22/2005,0.0
1609,170,6,1,5/1/2005,5/1/2005,0.0
1610,162,6,1,4/25/2005,4/25/2005,0.0
1611,37,6,1,4/25/2005,4/25/2005,0.0
1612,3,6,1,4/25/2005,4/25/2005,0.0
1613,7,6,1,4/25/2005,4/25/2005,0.0
1614,6,6,1,4/26/2005,4/26/2005,0.0
1615,152,6,1,4/26/2005,4/26/2005,31.0
1616,153,6,1,4/27/2005,4/27/2005,0.0
1617,57,6,1,4/28/2005,4/28/2005,0.0
1618,98,6,1,5/1/2005,5/1/2005,31.0
1619,21,6,1,4/29/2005,4/29/2005,0.0
1620,42,6,1,5/1/2005,5/1/2005,31.0
1622,108,6,1,5/1/2005,5/1/2005,31.0
1623,110,6,1,5/3/2005,5/3/2005,31.0
1624,64,6,1,5/3/2005,5/3/2005,31.0
1625,176,6,1,5/3/2005,5/3/2005,0.0
1626,173,6,1,5/3/2005,5/3/2005,31.0
1627,155,6,1,5/4/2005,5/4/2005,31.0
1628,7,6,1,5/4/2005,5/4/2005,0.0
1630,37,6,1,5/11/2005,5/11/2005,0.0
1632,42,6,1,5/11/2005,5/11/2005,0.0
1633,18,6,1,5/11/2005,5/11/2005,0.0
1634,152,6,1,5/11/2005,5/11/2005,31.0
1635,159,6,1,5/12/2005,5/12/2005,31.0
1636,84,6,1,5/12/2005,5/12/2005,0.0
1637,195,6,1,5/13/2005,5/13/2005,31.0
1638,5,6,1,5/13/2005,5/13/2005,31.0
1639,2,6,1,5/13/2005,5/13/2005,0.0
1640,159,6,1,5/14/2005,5/14/2005,31.0
1641,41,6,1,5/14/2005,5/14/2005,31.0
1642,2,6,1,5/16/2005,5/16/2005,0.0
1643,147,6,1,5/16/2005,5/16/2002,31.0
1644,19,6,1,5/16/2005,5/16/2005,0.0
1645,7,6,1,5/16/2005,5/16/2005,0.0
1646,149,6,1,5/17/2005,5/17/2005,31.0
1647,6,6,1,5/18/2005,5/18/2005,0.0
1648,25,6,1,5/18/2005,5/18/2005,0.0
1649,179,6,1,6/1/2005,6/1/2005,31.0
1650,18,6,1,5/19/2005,5/19/2005,0.0
1651,84,6,1,5/19/2005,5/19/2005,0.0
1652,34,6,1,6/1/2005,6/1/2005,0.0
1654,161,6,1,5/20/2005,5/20/2005,0.0
1655,24,6,1,5/20/2005,2/20/2005,31.0
1656,7,6,1,5/20/2005,5/20/2005,0.0
1657,196,6,1,5/21/2005,5/21/2005,0.0
1658,2,6,1,5/23/2005,5/23/2005,0.0
1659,1,6,1,5/23/2005,5/23/2005,0.0
1660,152,6,1,5/23/2005,5/23/2005,31.0
1661,159,6,1,5/25/2005,5/25/2005,31.0
1662,186,6,1,6/4/2005,6/4/2005,31.0
1663,6,6,1,6/6/2005,6/6/2005,0.0
1664,74,6,1,6/6/2005,6/6/2005,0.0
1665,152,6,1,6/6/2005,6/6/2005,31.0
1666,170,6,1,6/7/2005,6/7/2005,0.0
1667,108,6,1,6/7/2005,6/7/2005,31.0
1668,152,6,1,5/26/2005,5/26/2005,0.0
1669,6,6,1,5/26/2005,5/26/2005,0.0
1670,57,6,1,5/24/2005,5/24/2005,0.0
1671,40,6,1,5/27/2005,5/27/2005,0.0
1672,32,6,1,5/27/2005,5/27/2005,0.0
1673,147,6,1,5/27/2005,5/27/2005,31.0
1674,5,6,1,5/27/2005,5/27/2005,31.0
1675,161,6,1,5/24/2005,5/24/2005,0.0
1676,18,6,1,5/27/2005,5/27/2005,0.0
1677,162,6,1,5/30/2005,5/30/2005,0.0
1678,82,6,1,6/1/2005,6/1/2005,0.0
1679,60,6,1,5/30/2005,5/30/2005,31.0
1680,7,6,1,5/31/2005,5/31/2005,0.0
1681,2,6,1,5/31/2005,5/31/2005,0.0
1682,102,6,1,5/31/2005,5/31/2005,0.0
1683,86,6,1,6/1/2005,6/1/2005,31.0
1684,159,6,1,6/1/2005,6/1/2005,31.0
1685,155,6,1,6/1/2005,6/1/2005,31.0
1686,5,6,1,6/1/2005,6/1/2005,31.0
1689,173,6,1,6/2/2005,6/2/2005,31.0
1690,7,6,1,6/3/2005,6/3/2005,0.0
1691,22,6,1,6/3/2005,6/3/2005,0.0
1692,198,6,1,6/1/2005,6/1/2005,31.0
1693,35,6,1,5/25/2005,5/25/2005,31.0
1694,135,6,1,6/1/2005,6/1/2005,0.0
1695,135,6,1,6/1/2005,6/1/2005,0.0
1696,17,6,1,5/26/2005,5/26/2005,0.0
1697,175,6,1,5/26/2005,5/26/2005,0.0
1698,130,6,1,6/9/2005,6/9/2005,31.0
1699,24,6,1,6/10/2005,6/10/2005,31.0
1700,19,6,1,6/10/2005,6/10/2005,0.0
1701,84,6,1,6/10/2005,6/10/2005,0.0
1702,21,6,1,6/10/2005,6/10/2005,0.0
1703,25,6,1,6/14/2005,6/14/2005,0.0
1704,19,6,1,6/14/2005,6/14/2005,0.0
1705,159,6,1,6/14/2005,6/14/2005,31.0
1706,2,6,1,6/14/2005,6/14/2005,0.0
1707,35,6,1,6/14/2005,6/14/2005,31.0
1708,170,6,1,6/14/2005,6/14/2005,0.0
1709,192,6,1,6/15/2005,6/15/2005,0.0
1710,161,6,1,6/15/2005,6/15/2005,0.0
1711,41,6,1,6/15/2005,6/15/2005,31.0
1712,7,6,1,6/16/2005,6/16/2005,0.0
1713,200,6,1,6/16/2005,6/16/2005,0.0
1714,63,6,1,6/16/2005,6/16/2005,31.0
1715,21,6,1,6/17/2005,6/17/2005,0.0
1716,67,6,1,6/17/2005,6/17/2005,0.0
1717,201,6,1,6/17/2005,6/17/2005,0.0
1718,152,6,1,6/17/2005,6/17/2005,31.0
1719,130,6,1,6/20/2005,6/20/2005,31.0
1721,37,6,1,6/20/2005,6/20/2005,0.0
1722,6,6,1,6/21/2005,6/21/2005,0.0
1723,45,6,1,6/21/2005,6/21/2005,0.0
1724,2,6,1,6/21/2005,6/21/2005,0.0
1725,202,6,1,6/21/2005,6/21/2005,0.0
1726,173,6,1,6/22/2005,6/22/2005,31.0
1727,21,6,1,6/22/2005,6/22/2005,0.0
1728,2,6,1,6/22/2005,6/22/2005,0.0
1729,17,6,1,6/22/2005,6/22/2005,0.0
1730,18,6,1,6/22/2005,6/22/2005,0.0
1731,24,6,1,6/22/2005,6/22/2005,31.0
1732,13,6,1,6/22/2005,6/22/2005,31.0
1733,190,6,1,6/23/2005,6/23/2005,31.0
1734,1,6,1,6/23/2005,6/23/2005,0.0
1735,98,6,1,6/23/2005,6/23/2005,31.0
1736,84,6,1,6/23/2005,6/23/2005,0.0
1737,6,6,1,6/23/2005,6/23/2005,0.0
1738,82,6,1,6/24/2005,6/24/2005,0.0
1739,5,6,1,6/24/2005,6/24/2005,31.0
1740,1,6,1,6/25/2005,6/25/2005,0.0
1741,64,6,1,6/25/2005,6/25/2005,31.0
1742,25,6,1,7/2/2005,7/2/2005,0.0
1743,147,6,1,7/1/2005,7/1/2005,31.0
1744,153,6,1,6/27/2005,6/27/2005,31.0
1745,60,6,1,6/27/2005,6/27/2005,31.0
1746,57,6,1,6/28/2005,6/28/2005,0.0
1747,163,6,1,6/28/2005,6/28/2005,0.0
1748,149,6,1,7/1/2005,7/1/2005,31.0
1749,108,6,1,6/29/2005,6/29/2005,31.0
1750,42,6,1,7/1/2005,7/1/2005,31.0
1751,41,6,1,7/1/2005,7/1/2005,31.0
1752,24,6,1,7/1/2005,7/1/2005,0.0
1753,7,6,1,7/1/2005,7/1/2005,0.0
1754,152,12,1,7/4/2005,7/4/2005,31.0
1755,22,12,1,7/4/2005,7/4/2005,0.0
1756,67,1,1,7/4/2005,7/4/2005,0.0
1757,25,12,1,6/28/2005,6/28/2005,0.0
1759,203,12,1,7/5/2005,7/5/2005,31.0
1760,158,12,1,7/5/2005,7/5/2005,0.0
1762,140,12,1,7/5/2005,7/5/2005,31.0
1763,22,12,1,7/6/2005,7/6/2005,0.0
1764,2,1,1,7/6/2005,7/6/2005,0.0
1765,7,12,1,7/6/2005,7/6/2005,0.0
1766,84,12,1,7/6/2005,7/6/2005,0.0
1767,8,1,1,7/6/2005,7/6/2005,0.0
1768,35,1,1,7/8/2005,7/8/2005,31.0
1769,7,12,1,7/9/2005,7/9/2005,0.0
1770,37,6,1,7/11/2005,7/11/2005,0.0
1771,98,6,1,7/11/2005,7/11/2005,31.0
1772,18,6,1,7/11/2005,7/11/2005,0.0
1773,130,6,1,7/11/2005,7/11/2005,31.0
1774,25,6,1,7/11/2005,7/11/2005,0.0
1775,7,6,1,7/12/2005,7/12/2005,0.0
1776,204,6,1,7/12/2005,7/12/2005,0.0
1777,22,6,1,7/13/2005,7/13/2005,0.0
1778,142,6,1,7/13/2005,7/13/2005,0.0
1779,2,6,1,7/13/2005,7/13/2005,0.0
1780,179,6,1,7/13/2005,7/13/2005,31.0
1781,98,6,1,7/14/2005,7/14/2005,31.0
1782,149,6,1,7/14/2005,7/14/2005,31.0
1783,5,6,1,7/14/2005,7/14/2005,31.0
1784,18,6,3,7/14/2005,7/14/2005,0.0
1785,170,6,1,7/15/2005,7/15/2005,0.7
1786,173,6,1,7/15/2005,7/15/2005,31.0
1788,152,13,1,7/18/2005,7/18/2005,31.0
1789,2,6,1,7/18/2005,7/18/2005,0.0
1790,67,6,1,7/18/2005,7/18/2005,0.0
1791,3,6,1,7/20/2005,7/20/2005,0.0
1792,82,6,1,7/21/2005,7/21/2005,0.0
1793,110,6,1,7/21/2005,7/21/2005,31.0
1794,22,6,1,7/22/2005,7/22/2005,0.0
1795,22,6,1,7/22/2005,7/22/2005,0.0
1796,205,6,1,8/1/2005,8/1/2005,31.0
1797,140,6,1,7/23/2005,7/23/2005,31.0
1798,180,6,1,7/23/2005,7/23/2005,0.0
1799,7,12,1,7/25/2005,7/25/2005,0.0
1800,22,12,1,7/25/2005,7/25/2005,0.0
1801,67,1,1,7/25/2005,7/25/2005,0.0
1802,18,1,1,7/25/2005,7/25/2005,0.0
1804,13,1,1,7/26/2005,7/26/2005,31.0
1805,60,1,1,7/26/2005,7/26/2005,31.0
1806,14,1,1,7/26/2005,7/26/2005,29.8
1807,22,1,1,7/26/2005,7/26/2005,0.0
1808,2,1,1,7/26/2005,7/26/2005,0.0
1809,206,8,1,7/26/2005,7/26/2005,31.0
1810,161,1,1,7/27/2005,7/27/2005,0.0
1811,140,1,1,8/1/2005,8/1/2005,31.0
1812,151,1,1,7/27/2005,7/27/2005,31.0
1813,22,1,1,7/28/2005,7/28/2005,0.0
1814,6,1,1,7/28/2005,7/28/2005,0.0
1815,159,1,1,7/28/2005,7/28/2005,31.0
1816,182,1,1,7/28/2005,7/28/2005,31.0
1817,6,1,1,7/28/2005,7/28/2005,0.0
1818,14,1,1,7/29/2005,7/29/2005,31.0
1819,22,1,1,7/29/2005,7/29/2005,0.0
1820,84,1,1,7/29/2005,7/29/2005,0.0
1821,22,1,1,7/29/2005,7/29/2005,0.0
1822,155,1,1,8/1/2005,8/1/2005,31.0
1823,151,1,1,7/29/2005,7/29/2005,31.0
1824,5,1,1,7/29/2005,7/29/2005,31.0
1825,35,1,1,8/1/2005,8/1/2005,31.0
1826,64,13,1,8/1/2005,8/1/2005,31.0
1828,25,13,1,8/1/2005,8/1/2005,0.0
1829,190,13,1,8/1/2005,8/1/2005,0.0
1832,22,13,1,8/1/2005,8/1/2005,0.0
1835,18,13,1,8/1/2005,8/1/2005,0.0
1836,152,13,1,8/1/2005,8/1/2005,31.0
1837,22,1,1,8/2/2005,8/2/2005,0.0
1838,203,1,1,8/2/2005,8/2/2005,31.0
1839,22,1,1,8/2/2005,8/2/2005,0.0
1840,41,1,1,8/2/2005,8/2/2005,31.0
1841,22,1,1,8/3/2005,8/3/2005,0.0
1842,130,1,1,8/3/2005,8/3/2005,31.0
1843,195,1,1,8/4/2005,8/4/2005,31.0
1844,2,1,1,8/4/2005,8/4/2005,0.0
1845,22,1,1,8/4/2005,8/4/2005,0.0
1846,7,1,1,8/4/2005,8/4/2005,0.0
1847,32,1,1,8/4/2005,8/4/2005,0.0
1848,84,1,1,8/4/2005,8/4/2005,0.0
1849,24,1,1,8/5/2005,8/5/2005,0.0
1850,47,1,1,8/5/2005,8/5/2005,31.0
1851,40,12,1,8/6/2005,8/6/2005,0.0
1852,6,1,1,8/8/2005,8/8/2005,0.0
1853,57,1,1,8/8/2005,8/8/2005,0.0
1854,22,1,1,8/8/2005,8/8/2005,0.0
1855,22,1,1,8/8/2005,8/8/2005,0.0
1856,151,1,1,8/8/2005,8/8/2005,31.0
1857,2,1,1,8/9/2005,8/9/2005,0.0
1858,22,1,1,8/9/2005,8/9/2005,0.0
1859,2,1,1,8/9/2005,8/9/2005,31.0
1860,17,1,1,8/9/2005,8/9/2005,0.0
1861,207,1,1,8/9/2005,8/9/2005,0.0
1862,98,1,1,8/9/2005,8/9/2005,31.0
1863,179,1,1,8/9/2005,8/9/2005,31.0
1864,208,1,1,8/9/2005,8/9/2005,31.0
1865,170,1,1,8/9/2005,8/9/2005,0.0
1866,7,1,1,8/10/2005,8/10/2005,0.0
1867,40,1,1,8/10/2005,8/10/2005,0.0
1868,6,1,1,8/10/2005,8/10/2005,0.0
1869,22,1,1,8/10/2005,8/10/2005,0.0
1870,3,1,1,8/10/2005,8/10/2005,0.0
1871,42,1,1,8/10/2005,8/10/2005,31.0
1872,176,1,1,8/11/2005,8/11/2005,0.0
1873,190,1,1,8/11/2005,8/11/2005,31.0
1874,25,1,1,8/11/2005,8/11/2005,0.0
1875,63,1,1,8/11/2005,8/11/2005,31.0
1876,22,1,1,8/11/2005,8/11/2005,0.0
1877,22,1,1,8/11/2005,8/11/2005,0.0
1878,1,1,1,8/11/2005,8/11/2005,0.0
1879,162,1,1,8/11/2005,8/11/2005,0.0
1880,147,1,1,8/11/2005,8/11/2005,31.0
1881,82,1,1,8/11/2005,8/11/2005,31.0
1882,21,1,1,8/12/2005,8/12/2005,0.0
1883,185,1,1,8/12/2005,8/12/2005,31.0
1884,183,1,1,8/12/2005,8/12/2005,31.0
1885,22,1,1,8/13/2005,8/13/2005,0.0
1886,86,1,1,8/13/2005,8/13/2005,31.0
1887,86,1,1,8/13/2005,8/13/2005,0.0
1890,7,1,1,8/13/2005,8/13/2005,0.0
1891,60,1,1,8/13/2005,8/13/2005,31.0
1892,22,1,1,8/15/2005,8/15/2005,0.0
1893,173,1,1,8/15/2005,8/15/2005,31.0
1894,18,1,1,8/15/2005,8/15/2005,0.0
1895,206,1,1,8/16/2005,8/16/2005,31.0
1896,22,1,1,8/16/2005,8/16/2005,0.0
1897,35,1,1,8/16/2005,8/16/2005,31.0
1898,13,1,1,8/16/2005,8/16/2005,31.0
1900,209,1,1,8/16/2005,8/16/2005,0.0
1901,152,1,1,8/17/2005,8/17/2005,31.0
1902,22,1,1,8/17/2005,8/17/2005,0.0
1903,188,1,1,8/17/2005,8/17/2005,31.0
1904,159,1,1,8/17/2005,8/17/2005,30.9
1905,21,1,1,8/18/2005,8/18/2005,0.0
1906,22,1,1,8/18/2005,8/18/2005,0.0
1907,210,1,1,8/18/2005,8/18/2005,31.0
1908,22,1,1,8/19/2005,8/19/2005,0.0
1909,24,1,1,8/19/2005,8/19/2005,0.0
1910,17,1,1,8/19/2005,8/19/2005,0.0
1911,199,1,1,8/19/2005,8/19/2005,31.0
1912,190,1,1,8/22/2005,8/22/2005,31.0
1913,209,1,1,8/22/2005,8/22/2005,0.0
1914,18,1,1,8/22/2005,8/22/2005,0.0
1915,22,1,1,8/22/2005,8/22/2005,0.0
1917,6,1,1,8/23/2005,8/23/2005,0.0
1918,22,1,1,8/23/2005,8/23/2005,0.0
1919,209,1,1,8/23/2005,8/23/2005,0.0
1920,209,1,1,8/23/2005,8/23/2005,0.0
1921,22,1,1,8/24/2005,8/24/2005,0.0
1922,22,1,1,8/24/2005,8/24/2005,0.0
1923,41,1,1,8/24/2005,8/24/2005,31.0
1924,22,1,1,8/24/2005,8/24/2005,0.0
1925,17,1,1,8/24/2005,8/24/2005,0.0
1926,22,1,1,8/25/2005,8/25/2005,0.0
1927,84,1,1,8/26/2005,8/26/2005,0.0
1928,22,1,1,8/26/2005,8/26/2005,0.0
1929,35,1,1,8/26/2005,8/26/2005,31.0
1930,22,1,1,8/27/2005,8/27/2005,0.0
1931,208,1,1,8/27/2005,8/27/2005,0.0
1932,211,1,1,8/29/2005,8/29/2005,0.0
1933,21,1,1,8/29/2005,8/29/2005,0.0
1934,7,1,1,8/29/2005,8/29/2005,0.0
1935,22,1,1,8/29/2005,8/29/2005,0.0
1936,47,1,1,8/29/2005,8/29/2005,31.0
1937,64,1,1,8/29/2005,8/29/2005,31.0
1939,18,1,1,8/29/2005,8/29/2005,0.0
1940,149,1,1,9/1/2005,9/1/2005,31.0
1941,22,1,1,8/30/2005,8/30/2005,0.0
1942,173,1,1,9/1/2005,9/1/2005,31.0
1943,110,1,1,9/1/2005,9/1/2005,31.0
1944,209,1,1,8/30/2005,8/30/2005,0.0
1945,209,1,1,8/30/2005,8/30/2005,0.0
1947,17,1,1,8/31/2005,8/31/2005,0.0
1948,22,1,1,9/1/2005,9/1/2005,0.0
1949,19,1,1,9/1/2005,9/1/2005,0.0
1950,8,12,1,9/2/2005,9/2/2005,0.0
1951,7,12,1,9/2/2005,9/2/2005,0.0
1952,24,12,1,9/2/2005,9/2/2005,31.0
1953,162,12,1,9/2/2005,9/2/2005,0.0
1954,13,12,1,9/2/2005,9/2/2005,31.0
1955,22,12,1,9/3/2005,9/3/2005,0.0
1957,22,12,1,9/5/2005,9/5/2005,0.0
1958,190,1,1,9/5/2005,9/5/2005,31.0
1959,176,1,1,9/5/2005,9/5/2005,0.0
1960,209,12,1,9/5/2005,9/5/2005,0.0
1961,161,12,1,9/5/2005,9/5/2005,0.0
1962,22,12,1,9/5/2005,9/5/2005,0.0
1963,213,12,1,9/5/2005,9/5/2005,0.0
1964,152,12,1,9/5/2005,9/5/2005,31.0
1965,203,1,1,9/6/2005,9/6/2005,0.0
1966,7,12,1,9/6/2005,9/6/2005,0.0
1967,7,1,1,9/6/2005,9/6/2005,0.0
1968,22,12,1,9/7/2005,9/7/2005,0.0
1970,22,12,1,9/7/2005,9/7/2005,0.0
1971,209,12,1,9/7/2005,9/7/2005,0.0
1972,206,12,1,9/7/2005,9/7/2005,31.0
1973,14,12,1,9/7/2005,9/7/2005,0.0
1974,2,1,1,9/8/2005,9/8/2005,0.0
1975,22,1,1,9/8/2005,9/8/2005,0.0
1977,84,12,1,9/8/2005,9/8/2005,0.0
1978,22,12,1,9/9/2005,9/9/2005,0.0
1979,7,12,1,9/9/2005,9/9/2005,0.0
1980,19,12,1,9/9/2005,9/9/2005,0.0
1981,5,12,1,9/9/2005,9/9/2005,31.0
1982,40,15,1,9/10/2005,9/10/2005,0.0
1983,209,12,1,9/10/2005,9/10/2005,0.0
1984,208,12,1,9/10/2005,9/10/2005,0.0
1985,21,15,1,9/12/2005,9/12/2005,0.0
1987,22,8,1,9/13/2005,9/13/2005,0.0
1989,47,8,1,9/13/2005,9/13/2005,31.0
1990,151,8,1,9/13/2005,9/13/2005,31.0
1991,22,8,1,9/13/2005,9/13/2005,0.0
1992,7,1,1,9/13/2005,9/13/2005,0.0
1993,186,8,1,9/13/2005,9/13/2005,31.0
1994,18,1,1,9/13/2005,9/13/2005,0.0
1995,40,8,1,9/14/2005,9/14/2005,0.0
1996,209,8,1,9/14/2005,9/14/2005,0.0
1997,215,1,1,9/14/2005,9/14/2005,0.0
1998,82,8,1,9/15/2005,9/15/2005,31.0
1999,195,8,1,9/16/2005,9/16/2005,31.0
2000,22,8,1,9/16/2005,9/16/2005,0.0
2001,60,14,1,9/16/2005,9/16/2005,31.0
2002,180,8,1,9/17/2005,9/17/2005,0.0
2003,41,8,1,9/17/2005,9/17/2005,31.0
2004,22,1,1,9/19/2005,9/19/2005,0.0
2005,7,14,1,9/19/2005,9/19/2005,0.0
2007,6,14,1,9/19/2005,9/19/2005,0.0
2008,22,8,1,9/19/2005,9/19/2005,0.0
2009,215,8,1,9/19/2005,9/19/2005,0.0
2010,216,8,1,9/19/2005,9/19/2005,31.0
2012,18,14,1,9/19/2005,9/19/2005,0.0
2013,203,14,1,9/20/2005,9/20/2005,0.0
2014,6,14,1,9/20/2005,9/20/2005,0.0
2015,22,14,1,9/20/2005,9/20/2005,0.0
2016,19,14,1,9/20/2005,9/20/2005,0.0
2017,153,14,1,9/20/2005,9/20/2005,31.0
2018,19,14,1,9/20/2005,9/20/2005,0.0
2019,147,1,1,9/21/2005,9/21/2005,31.0
2021,22,8,1,9/21/2005,9/21/2005,0.0
2022,22,14,1,9/22/2005,9/22/2005,0.0
2023,217,8,1,9/22/2005,9/22/2005,0.0
2024,218,1,1,9/22/2005,9/22/2005,0.0
2025,24,14,1,9/23/2005,9/23/2005,0.0
2026,161,14,1,9/23/2005,9/23/2005,0.0
2027,186,14,1,9/23/2005,9/23/2005,31.0
2028,40,8,1,9/24/2005,9/24/2005,0.0
2029,19,8,1,9/24/2005,9/24/2005,0.0
2030,7,15,1,9/24/2005,9/24/2005,0.0
2031,22,15,1,9/24/2005,9/24/2005,0.0
2032,190,14,1,9/26/2005,9/26/2005,31.0
2033,21,14,1,9/26/2005,9/26/2005,0.0
2034,219,14,1,9/26/2005,9/26/2005,0.0
2035,22,14,1,9/26/2005,9/26/2005,0.0
2036,47,14,1,9/26/2005,9/26/2005,31.0
2037,1,14,1,9/26/2005,9/26/2005,0.0
2040,152,14,1,10/1/2005,10/1/2005,31.0
2041,170,14,1,10/1/2005,10/1/2005,0.0
2042,18,14,1,9/29/2005,9/29/2005,0.0
2043,221,14,1,9/29/2005,9/29/2005,0.0
2044,7,14,1,9/30/2005,9/30/2005,0.0
2045,84,14,1,9/30/2005,9/30/2005,0.0
2046,40,8,1,10/1/2005,10/1/2005,0.0
2047,22,8,1,10/1/2005,10/1/2005,0.0
2048,22,14,1,10/3/2005,10/3/2005,0.0
2049,21,14,1,10/3/2005,10/3/2005,0.0
2050,19,15,1,9/24/2005,9/24/2005,0.0
2052,35,14,1,10/3/2005,10/3/2005,31.0
2054,6,14,1,10/4/2005,10/4/2005,0.0
2055,19,14,1,10/4/2005,10/4/2005,0.0
2056,19,14,1,10/4/2005,10/4/2005,0.0
2057,110,14,1,10/4/2005,10/4/2005,31.0
2058,203,14,1,10/4/2005,10/4/2005,0.0
2060,64,14,1,10/5/2005,10/5/2005,31.0
2061,222,14,1,10/5/2005,10/5/2005,0.0
2062,22,8,1,10/6/2005,10/6/2005,0.0
2063,40,8,1,10/6/2005,10/6/2005,0.0
2064,2,8,1,10/6/2005,10/6/2005,0.0
2065,19,14,1,10/7/2005,10/7/2005,0.0
2066,84,14,1,10/7/2005,10/7/2005,0.0
2067,145,14,1,10/7/2005,10/7/2005,31.0
2068,22,14,1,10/7/2005,10/7/2005,0.0
2069,215,8,1,10/8/2005,10/8/2005,0.0
2070,22,8,1,10/8/2005,10/8/2005,0.0
2071,22,8,1,10/8/2005,10/8/2005,0.0
2072,196,8,1,10/8/2005,10/8/2005,0.0
2073,7,8,1,10/8/2005,10/8/2005,0.0
2074,22,14,1,10/11/2005,10/11/2005,0.0
2075,40,14,1,10/11/2005,10/11/2005,0.0
2076,7,1,1,10/6/2005,10/6/2005,0.0
2077,152,14,1,10/12/2005,10/12/2005,31.0
2078,57,8,1,10/13/2005,10/13/2005,0.0
2079,22,14,1,10/13/2005,10/13/2005,0.0
2080,18,14,1,10/13/2005,10/13/2005,0.0
2081,41,8,1,10/14/2005,10/14/2005,31.0
2082,42,8,1,10/15/2005,10/15/2005,31.0
2083,22,14,1,10/17/2005,10/17/2005,0.0
2084,173,14,1,10/17/2005,10/17/2005,31.0
2085,45,14,1,10/17/2005,10/17/2005,0.0
2086,21,14,1,10/18/2005,10/18/2005,0.0
2087,60,14,1,10/18/2005,10/18/2005,31.0
2088,35,14,1,10/18/2005,10/18/2005,31.0
2089,40,14,1,10/19/2005,10/19/2005,0.0
2090,2,14,1,10/19/2005,10/19/2005,0.0
2091,19,14,1,10/19/2005,10/19/2005,0.0
2092,8,14,1,10/19/2005,10/19/2005,0.0
2093,223,14,1,10/20/2005,10/20/2005,0.0
2094,67,14,1,10/20/2005,10/20/2005,0.0
2095,224,14,1,10/21/2005,10/21/2005,0.0
2096,8,14,1,10/21/2005,10/21/2005,0.0
2097,225,14,1,10/21/2005,10/21/2005,31.0
2098,19,14,1,10/21/2005,10/21/2005,0.0
2099,19,14,1,10/21/2005,10/21/2005,0.0
2100,19,14,1,10/21/2005,10/21/2005,0.0
2101,22,15,1,10/22/2005,10/22/2005,0.0
2102,208,15,9,10/22/2005,10/22/2005,0.0
2103,117,15,1,10/24/2005,10/24/2005,0.0
2105,186,14,1,10/24/2005,10/24/2005,31.0
2107,18,14,1,10/24/2005,10/24/2005,0.0
2108,5,14,1,10/24/2005,10/24/2005,31.0
2109,40,14,1,10/25/2005,10/25/2005,0.0
2110,203,14,9,10/25/2005,10/25/2005,31.0
2111,8,14,1,10/25/2005,10/25/2005,0.0
2112,22,1,1,10/26/2005,10/26/2005,0.0
2113,19,1,1,10/26/2005,10/26/2005,0.0
2114,19,1,1,10/26/2005,10/26/2005,0.0
2115,6,1,1,11/1/2005,11/1/2005,0.0
2116,21,14,1,10/26/2005,10/26/2005,0.0
2117,13,14,1,10/26/2005,10/26/2005,31.0
2118,35,14,1,10/26/2005,10/26/2005,31.0
2119,24,1,1,10/28/2005,10/28/2005,0.0
2120,152,1,1,10/28/2005,10/28/2005,31.0
2121,19,1,1,11/1/2005,11/1/2005,0.0
2123,152,14,1,11/1/2005,11/1/2005,0.0
2124,2,14,1,11/1/2005,11/1/2005,0.0
2125,21,14,1,11/1/2005,11/1/2005,0.0
2126,218,14,1,11/1/2005,11/1/2005,0.0
2127,186,14,1,11/2/2005,11/2/2005,31.0
2128,7,14,1,11/2/2005,11/2/2005,0.0
2129,5,14,1,11/2/2005,11/2/2005,31.0
2130,40,14,1,11/3/2005,11/3/2005,0.0
2131,67,14,1,11/3/2005,11/3/2005,0.0
2132,161,14,1,11/3/2005,11/3/2005,0.0
2133,209,14,1,11/3/2005,11/3/2005,0.0
2134,84,14,1,11/3/2005,11/3/2005,0.0
2135,18,14,1,11/3/2005,11/3/2005,0.0
2136,218,14,1,11/3/2005,11/3/2005,0.0
2137,180,15,1,11/3/2005,11/3/2005,0.0
2138,199,15,1,11/7/2005,11/7/2005,31.0
2139,208,1,1,11/7/2005,11/7/2005,0.0
2140,5,14,1,11/7/2005,11/7/2005,31.0
2141,82,14,1,11/8/2005,11/8/2005,31.0
2143,227,14,1,11/8/2005,11/8/2005,0.0
2144,210,14,1,11/8/2005,11/8/2005,31.0
2145,98,14,1,11/9/2005,11/9/2005,31.0
2146,176,14,1,11/9/2005,11/9/2005,0.0
2147,64,14,1,11/9/2005,11/9/2005,31.0
2148,5,14,1,11/10/2005,11/10/2005,0.0
2149,19,14,1,11/11/2005,11/11/2005,0.0
2150,19,14,1,11/11/2005,11/11/2005,0.0
2151,19,14,1,11/11/2005,11/11/2005,0.0
2152,19,14,1,11/11/2005,11/11/2005,0.0
2153,7,14,1,11/11/2005,11/11/2005,0.0
2155,24,8,1,11/14/2005,11/14/2005,31.0
2156,188,8,1,11/14/2005,11/14/2005,31.0
2157,216,8,1,11/14/2005,11/14/2005,31.0
2158,18,15,1,11/14/2005,11/14/2005,0.0
2159,2,15,1,11/15/2005,11/15/2005,0.0
2160,97,15,1,11/16/2005,11/16/2005,0.0
2161,40,8,1,11/17/2005,11/17/2005,0.0
2162,149,8,1,11/17/2005,11/17/2005,31.0
2163,155,8,1,11/17/2005,11/17/2005,31.0
2164,145,8,1,11/17/2005,11/17/2005,31.0
2165,84,1,1,11/18/2005,11/18/2005,0.0
2166,18,1,1,11/18/2005,11/18/2005,0.0
2167,203,8,1,12/1/2005,12/1/2005,31.0
2168,190,14,1,11/21/2005,11/21/2005,31.0
2170,173,8,1,11/23/2005,11/23/2005,31.0
2171,179,8,1,11/23/2005,11/23/2005,31.0
2172,19,8,1,11/23/2005,11/23/2005,0.0
2173,60,8,1,11/24/2005,11/24/2005,31.0
2174,19,8,1,11/24/2005,11/24/2005,0.0
2175,110,8,1,11/25/2005,11/25/2005,31.0
2176,18,15,1,11/25/2005,11/25/2005,0.0
2177,152,8,1,11/26/2005,11/26/2005,31.0
2178,228,8,1,11/26/2005,11/26/2005,0.0
2179,152,8,1,11/28/2005,11/28/2005,0.0
2180,18,14,1,11/28/2005,11/28/2005,0.0
2181,7,8,1,11/30/2005,11/30/2005,0.0
2182,7,1,1,12/1/2005,12/1/2005,0.0
2183,25,14,1,12/1/2005,12/1/2005,0.0
2184,208,8,1,12/1/2005,12/1/2005,0.0
2185,17,8,1,12/2/2005,12/2/2005,0.0
2186,40,8,1,12/2/2005,12/2/2005,0.0
2188,209,8,1,12/2/2005,12/2/2005,0.0
2189,22,8,9,12/2/2005,12/2/2005,0.0
2190,19,8,1,12/3/2005,12/3/2005,0.0
2191,84,8,1,12/3/2005,12/3/2005,0.0
2192,2,8,1,12/3/2005,12/3/2005,0.0
2193,216,8,1,12/5/2005,12/5/2005,31.0
2194,162,8,1,12/6/2005,12/6/2005,0.0
2195,21,8,1,12/6/2005,12/6/2005,0.0
2196,67,8,1,12/6/2005,12/6/2005,0.0
2197,208,14,1,12/7/2005,12/7/2005,0.0
2198,35,14,1,12/7/2005,12/7/2005,31.0
2199,41,14,1,12/7/2005,12/7/2005,31.0
2200,7,8,1,12/8/2005,12/8/2005,0.0
2201,67,8,1,12/8/2005,12/8/2005,0.0
2202,7,8,1,12/9/2005,12/9/2005,0.0
2203,19,8,1,12/10/2005,12/10/2005,0.0
2204,229,8,1,12/10/2005,12/10/2005,0.0
2205,203,8,1,12/13/2005,12/13/2005,31.0
2206,24,8,1,12/13/2005,12/13/2005,31.0
2207,229,8,1,12/14/2005,12/14/2005,0.0
2208,82,8,1,12/15/2005,12/15/2005,31.0
2209,180,8,1,12/14/2005,12/14/2005,0.0
2210,40,8,1,12/15/2005,12/15/2005,0.0
2211,2,14,1,12/15/2005,12/15/2005,0.0
2212,18,8,1,12/15/2005,12/15/2005,0.0
2213,84,8,1,12/16/2005,12/16/2005,0.0
2214,35,8,1,12/16/2005,12/16/2005,31.0
2215,230,8,1,12/19/2005,12/19/2005,0.0
2216,2,14,1,12/19/2005,12/19/2005,0.0
2217,13,8,1,12/19/2005,12/19/2005,31.0
2218,208,8,1,12/19/2005,12/19/2005,0.0
2219,67,8,1,12/19/2005,12/19/2005,0.0
2220,183,8,1,12/19/2005,12/19/2005,31.0
2221,179,8,1,12/20/2005,12/20/2005,31.0
2222,7,8,1,12/20/2005,12/20/2005,0.0
2223,5,14,1,12/20/2005,12/20/2005,31.0
2224,19,8,1,12/21/2005,12/21/2005,0.0
2225,1,14,1,12/21/2005,12/21/2005,0.0
2226,41,8,1,12/22/2005,12/22/2005,31.0
2227,180,8,1,12/22/2005,12/22/2005,0.0
2228,228,8,1,12/22/2005,12/22/2005,31.0
2229,64,8,1,12/22/2005,12/22/2005,31.0
2230,57,8,1,12/26/2005,12/26/2005,0.0
2231,60,8,1,12/26/2005,12/26/2005,31.0
2232,180,8,1,12/26/2005,12/26/2005,0.0
2233,25,8,1,12/27/2005,12/27/2005,0.0
2234,2,8,1,12/27/2005,12/27/2005,0.0
2235,231,8,1,12/28/2005,12/28/2005,0.0
2236,84,14,1,12/28/2005,12/28/2005,0.0
2238,232,1,1,1/3/2006,1/3/2006,0.0
2239,2,8,1,1/10/2006,1/10/2006,0.0
2240,233,8,1,1/10/2006,1/10/2006,31.0
2241,21,14,1,1/11/2006,1/11/2006,0.0
2242,161,14,1,1/11/2006,1/11/2006,0.0
2243,234,8,1,1/12/2006,1/12/2006,0.0
2244,179,8,1,1/12/2006,1/12/2006,31.0
2245,18,14,1,1/12/2006,1/12/2006,0.0
2246,84,8,1,1/13/2006,1/13/2006,0.0
2247,67,8,1,1/13/2006,1/13/2006,0.0
2248,5,8,1,1/13/2006,1/13/2006,31.0
2250,104,8,1,1/16/2006,1/16/2006,31.0
2251,152,8,1,1/16/2006,1/16/2006,31.0
2252,63,8,1,1/17/2006,1/17/2006,31.0
2253,231,8,1,1/17/2006,1/17/2006,0.0
2254,231,8,1,1/17/2006,1/17/2006,0.0
2255,231,8,1,1/18/2006,1/18/2006,0.0
2256,235,8,1,1/18/2006,1/18/2006,0.0
2257,170,14,1,2/1/2006,2/1/2006,0.0
2258,203,14,1,2/1/2006,2/1/2006,31.0
2259,110,14,1,1/19/2006,1/19/2006,31.0
2260,171,14,1,1/19/2006,1/19/2006,31.0
2262,24,8,1,1/20/2006,1/20/2006,31.0
2263,84,8,1,1/20/2006,1/20/2006,0.0
2264,210,8,1,1/20/2006,1/20/2006,31.0
2265,203,8,1,2/18/2006,2/18/2006,31.0
2266,42,8,1,1/21/2006,1/21/2006,31.0
2267,13,8,1,1/23/2006,1/23/2006,31.0
2268,18,14,1,1/26/2006,1/26/2006,0.0
2269,208,14,1,1/27/2006,1/27/2006,0.0
2270,219,14,1,1/27/2006,1/27/2006,0.0
2271,236,8,1,1/28/2006,1/28/2006,0.0
2272,57,8,1,1/30/2006,1/30/2006,0.0
2273,208,8,1,1/30/2006,1/30/2006,0.0
2274,158,8,1,1/30/2006,1/30/2006,0.0
2275,82,8,1,1/30/2006,1/30/2006,31.0
2276,231,8,1,2/2/2006,2/2/2006,0.0
2277,40,8,1,2/2/2006,2/2/2006,0.0
2278,237,8,1,2/2/2006,2/2/2006,31.0
2279,24,8,1,2/3/2006,2/3/2006,31.0
2280,187,8,1,2/3/2006,2/3/2006,0.0
2281,84,8,1,2/3/2006,2/3/2006,0.0
2282,64,8,1,2/3/2006,2/3/2006,31.0
2283,218,14,1,2/3/2006,2/3/2006,0.0
2284,228,8,1,2/4/2006,2/4/2006,0.0
2285,7,8,1,2/4/2006,2/4/2006,0.0
2286,149,8,1,2/6/2006,2/6/2006,31.0
2287,7,14,1,2/7/2006,2/7/2006,0.0
2288,60,8,1,2/7/2006,2/7/2006,31.0
2289,176,8,1,2/7/2006,2/7/2006,0.0
2290,137,8,1,2/7/2006,2/7/2006,0.0
2291,162,14,1,2/7/2006,2/7/2006,0.0
2293,18,14,1,2/8/2006,2/8/2006,0.0
2294,152,8,1,2/9/2006,2/9/2006,31.0
2295,25,8,1,2/9/2006,2/9/2006,0.0
2296,21,8,1,2/9/2006,2/9/2006,0.0
2297,234,14,1,2/9/2006,2/9/2006,0.0
2299,13,14,1,2/9/2006,2/9/2006,31.0
2300,173,8,1,2/10/2006,2/10/2006,31.0
2301,238,14,1,2/10/2006,2/10/2006,0.0
2302,25,14,1,3/1/2006,3/1/2006,0.0
2303,40,8,1,2/11/2006,2/11/2006,0.0
2304,21,8,1,2/13/2006,2/13/2006,0.0
2305,67,8,1,2/13/2006,2/13/2006,0.0
2307,18,8,1,2/16/2006,2/16/2006,0.0
2308,216,8,1,2/17/2006,2/17/2006,31.0
2309,41,8,1,2/17/2006,2/17/2006,31.0
2310,82,8,1,2/17/2006,2/17/2006,31.0
2311,13,8,1,2/17/2006,2/17/2006,31.0
2312,8,8,1,2/17/2006,2/17/2006,0.0
2313,35,8,1,2/17/2006,2/17/2006,31.0
2314,84,14,1,2/17/2006,2/17/2006,0.0
2315,117,1,1,2/21/2006,2/21/2006,0.0
2317,60,15,1,2/21/2006,2/21/2006,0.0
2318,2,15,1,2/21/2006,2/21/2006,0.0
2319,67,15,1,2/21/2006,2/21/2006,0.0
2320,34,15,1,2/21/2006,2/21/2006,0.0
2321,40,8,1,2/22/2006,2/22/2006,0.0
2322,231,8,1,2/22/2006,2/22/2006,0.0
2323,152,8,1,2/22/2006,2/22/2006,31.0
2324,239,8,1,2/22/2006,2/22/2006,0.0
2325,110,8,1,2/22/2006,2/22/2006,31.0
2326,18,8,1,2/22/2006,2/22/2006,0.0
2327,98,8,1,2/26/2006,2/26/2006,31.0
2328,18,8,1,2/26/2006,2/26/2006,0.0
2329,84,15,1,2/26/2006,2/26/2006,0.0
2330,228,8,1,2/27/2006,2/27/2006,31.0
2331,224,14,1,2/27/2006,2/27/2006,0.0
2332,18,14,1,2/27/2006,2/27/2006,0.0
2333,82,8,1,2/28/2006,2/28/2006,31.0
2334,233,8,1,3/1/2006,3/1/2006,31.0
2335,7,14,1,3/1/2006,3/1/2006,0.0
2336,221,14,1,3/1/2006,3/1/2006,0.0
2337,60,8,1,3/2/2006,3/2/2006,62.0
2338,2,14,1,3/3/2006,3/3/2006,0.0
2339,182,14,1,3/3/2006,3/3/2006,31.0
2340,35,8,1,3/4/2006,3/4/2006,31.0
2341,2,8,1,3/6/2006,3/6/2006,0.0
2342,240,8,1,3/6/2006,3/6/2006,0.0
2343,221,14,1,3/6/2006,3/6/2006,0.0
2344,41,8,1,3/7/2006,3/7/2006,31.0
2345,241,8,1,3/7/2006,3/7/2006,0.0
2346,13,8,1,3/7/2006,3/7/2006,31.0
2347,24,8,1,3/7/2006,3/7/2006,31.0
2348,241,8,1,3/9/2006,3/9/2006,0.0
2349,239,8,1,3/10/2006,3/10/2006,31.0
2351,24,8,1,3/10/2006,3/10/2006,0.0
2352,233,8,1,3/10/2006,3/10/2006,31.0
2353,18,15,1,3/10/2006,3/10/2006,0.0
2354,40,1,1,3/11/2006,3/11/2006,0.0
2355,221,1,1,3/11/2006,3/11/2006,0.0
2356,188,8,1,3/13/2006,3/13/2006,31.0
2357,67,8,1,3/13/2006,3/13/2006,0.0
2358,162,14,1,3/14/2006,3/14/2006,0.0
2359,221,14,1,3/14/2006,3/14/2006,0.0
2362,7,8,1,3/16/2006,3/16/2006,0.0
2363,176,8,1,3/16/2006,3/16/2006,0.0
2364,153,8,1,3/16/2006,3/16/2006,31.0
2365,231,14,1,2/28/2006,2/28/2006,0.0
2366,231,14,1,3/6/2006,3/6/2006,0.0
2367,159,8,1,3/16/2006,3/16/2006,31.0
2368,222,8,1,3/16/2006,3/16/2006,0.0
2369,67,8,1,3/17/2006,3/17/2006,0.0
2370,24,8,1,3/17/2006,3/17/2006,0.0
2371,24,8,1,3/17/2006,3/17/2006,0.0
2372,84,8,1,3/17/2006,3/17/2006,0.0
2373,203,8,1,3/17/2006,3/17/2006,31.0
2374,221,8,1,3/17/2006,3/17/2006,0.0
2375,63,8,1,3/18/2006,3/18/2006,31.0
2376,225,8,1,3/18/2006,3/18/2006,31.0
2377,186,16,1,3/18/2006,3/18/2006,31.0
2378,186,16,1,3/18/2006,3/18/2006,0.0
2379,186,16,1,3/18/2006,3/18/2006,0.0
2380,186,16,1,3/18/2006,3/18/2006,0.0
2381,231,16,1,3/15/2006,3/15/2006,0.0
2382,231,16,1,3/18/2006,3/18/2006,0.0
2383,218,8,1,3/20/2006,3/20/2006,0.0
2384,241,16,1,3/21/2006,3/21/2006,0.0
2385,173,8,1,3/21/2006,3/21/2006,31.0
2386,35,14,1,3/21/2006,3/21/2006,31.0
2387,137,8,1,3/22/2006,3/22/2006,0.0
2388,152,8,1,3/22/2006,3/22/2006,31.0
2389,218,8,1,3/22/2006,3/22/2006,0.0
2390,21,14,9,3/23/2006,3/23/2006,0.0
2391,242,14,1,3/23/2006,3/23/2006,0.0
2392,243,14,1,3/23/2006,3/23/2006,0.0
2393,18,14,1,3/23/2006,3/23/2006,0.0
2394,60,8,1,3/24/2006,3/24/2006,31.0
2395,155,8,1,3/24/2006,3/24/2006,31.0
2396,98,8,1,3/24/2006,3/24/2006,31.0
2397,244,14,1,3/24/2006,3/24/2006,31.0
2398,221,14,1,3/24/2006,3/24/2006,0.0
2399,84,14,1,3/24/2006,3/24/2006,0.0
2400,25,14,1,3/24/2006,3/24/2006,0.0
2401,40,16,1,3/25/2006,3/25/2006,0.0
2402,42,8,1,3/25/2006,3/25/2006,31.0
2403,7,8,1,3/25/2006,3/25/2006,0.0
2404,57,14,1,3/27/2006,3/27/2006,0.0
2405,245,16,1,4/1/2006,4/1/2006,31.0
2406,244,8,1,3/28/2006,3/28/2006,0.0
2407,225,14,1,3/28/2006,3/28/2006,31.0
2408,246,14,1,4/1/2006,4/1/2006,31.0
2409,17,8,1,3/29/2006,3/29/2006,0.0
2410,247,16,1,3/30/2006,3/30/2006,0.0
2411,219,14,1,3/30/2006,3/30/2006,0.0
2412,40,8,1,3/31/2006,3/31/2006,0.0
2413,64,8,1,4/1/2006,4/1/2006,31.0
2414,218,14,1,3/31/2006,3/31/2006,0.0
2416,34,8,1,4/3/2006,4/3/2006,0.0
2417,231,8,1,4/1/2006,4/1/2006,0.0
2418,231,8,1,4/1/2006,4/1/2006,0.0
2419,231,8,1,4/1/2006,4/1/2006,0.0
2420,231,8,1,4/1/2006,4/1/2006,0.0
2421,231,8,1,4/1/2006,4/1/2006,0.0
2422,231,14,1,4/1/2006,4/1/2006,0.0
2423,231,14,1,4/1/2006,4/1/2006,0.0
2424,231,14,1,4/1/2006,4/1/2006,0.0
2425,231,14,1,4/1/2006,4/1/2006,0.0
2426,231,14,1,4/1/2006,4/1/2006,0.0
2427,231,14,1,4/1/2006,4/1/2006,0.0
2428,231,14,1,4/1/2006,4/1/2006,0.0
2429,231,14,1,4/1/2006,4/1/2006,0.0
2430,231,14,1,4/1/2006,4/1/2006,0.0
2431,231,14,1,4/1/2006,4/1/2006,0.0
2432,231,14,1,4/1/2006,4/1/2006,0.0
2433,231,14,1,4/1/2006,4/1/2006,0.0
2434,231,14,1,4/1/2006,4/1/2006,0.0
2435,231,14,1,4/1/2006,4/1/2006,0.0
2436,231,14,1,4/1/2006,4/1/2006,0.0
2437,82,8,1,4/4/2006,4/4/2006,31.0
2438,203,14,1,4/4/2006,4/4/2006,31.0
2439,40,8,1,4/5/2006,4/5/2006,0.0
2440,24,1,1,4/5/2006,4/5/2006,31.0
2441,231,1,1,4/5/2006,4/5/2006,0.0
2442,170,8,1,4/6/2006,4/6/2006,0.0
2443,137,8,1,4/6/2006,4/6/2006,0.0
2444,221,8,1,4/6/2006,4/6/2006,0.0
2445,231,8,1,4/6/2006,4/6/2006,0.0
2446,231,8,1,4/6/2006,4/6/2006,0.0
2447,231,8,1,4/7/2006,4/7/2006,0.0
2448,231,8,1,4/7/2006,4/7/2006,0.0
2449,147,8,1,4/7/2006,4/7/2006,31.0
2450,247,8,1,4/7/2006,4/7/2006,0.0
2451,218,8,1,4/7/2006,4/7/2006,0.0
2452,84,14,1,4/7/2006,4/7/2006,0.0
2453,161,8,1,4/8/2006,4/8/2006,0.0
2454,110,14,9,4/10/2006,4/10/2006,31.0
2455,152,14,1,4/10/2006,4/10/2006,31.0
2456,18,16,1,4/10/2006,4/10/2006,0.0
2457,40,8,1,4/11/2006,4/11/2006,0.0
2458,21,8,1,4/11/2006,4/11/2006,0.0
2459,2,14,1,4/12/2006,4/12/2006,0.0
2460,221,14,1,4/12/2006,4/12/2006,0.0
2461,231,8,1,4/12/2006,4/12/2006,0.0
2462,21,8,1,4/13/2006,4/13/2006,0.0
2463,231,8,1,4/13/2006,4/13/2006,0.0
2464,182,1,1,4/13/2006,4/13/2006,31.0
2465,208,1,1,4/13/2006,4/13/2006,0.0
2466,40,8,1,4/14/2006,4/14/2006,0.0
2467,7,8,1,4/14/2006,4/14/2006,0.0
2468,82,8,1,4/18/2006,4/18/2006,31.0
2469,231,8,1,4/19/2006,4/19/2006,0.0
2470,231,8,1,4/20/2006,4/20/2006,0.0
