PaymentID,OrderID,PaymentMethodID,PaymentDate,PaymentAmount,Año,Mes,Mes/Año
1,2,1,2003-07-10,603.50,2003,7,7/2003
2,4,1,2003-07-12,"1,288.00",2003,7,7/2003
4,5,1,2003-07-15,"1,800.00",2003,7,7/2003
5,6,1,2003-07-14,389.50,2003,7,7/2003
6,7,1,2003-07-15,"1,479.00",2003,7,7/2003
7,8,1,2003-07-14,"2,028.85",2003,7,7/2003
8,9,1,2003-07-15,"1,315.10",2003,7,7/2003
9,10,1,2003-07-16,"2,603.00",2003,7,7/2003
10,11,1,2003-07-16,319.00,2003,7,7/2003
11,5,1,2003-07-16,559.50,2003,7,7/2003
12,12,1,2003-07-17,481.50,2003,7,7/2003
13,13,1,2003-07-18,"1,819.50",2003,7,7/2003
14,14,1,2003-07-18,13.10,2003,7,7/2003
15,15,1,2003-07-18,12.00,2003,7,7/2003
16,16,1,2003-07-19,16.70,2003,7,7/2003
17,17,1,2003-07-21,968.00,2003,7,7/2003
18,18,1,2003-07-22,80.10,2003,7,7/2003
19,19,1,2003-07-22,548.00,2003,7,7/2003
20,20,1,2003-07-22,"2,100.00",2003,7,7/2003
21,21,1,2003-07-22,"2,769.35",2003,7,7/2003
22,22,1,2003-07-23,352.50,2003,7,7/2003
23,23,1,2003-07-23,867.00,2003,7,7/2003
24,20,1,2003-07-23,47.00,2003,7,7/2003
25,24,1,2003-07-23,"2,120.10",2003,7,7/2003
26,25,1,2003-07-24,16.30,2003,7,7/2003
27,26,1,2003-07-24,"1,457.00",2003,7,7/2003
28,15,1,2003-07-24,2.00,2003,7,7/2003
29,27,1,2003-07-24,11.60,2003,7,7/2003
30,28,1,2003-07-25,"2,705.20",2003,7,7/2003
31,29,1,2003-07-25,"9,672.30",2003,7,7/2003
32,30,1,2003-07-25,3.00,2003,7,7/2003
33,31,1,2003-07-28,"2,096.20",2003,7,7/2003
34,31,1,2003-07-29,"1,000.00",2003,7,7/2003
35,32,1,2003-07-29,237.00,2003,7,7/2003
36,35,1,2003-07-29,"1,176.90",2003,7,7/2003
37,36,1,2003-07-29,28.10,2003,7,7/2003
38,37,1,2003-07-30,"1,222.60",2003,7,7/2003
39,33,1,2003-07-30,"1,766.60",2003,7,7/2003
40,34,1,2003-07-31,"1,113.60",2003,7,7/2003
41,39,1,2003-07-31,8.40,2003,7,7/2003
42,40,1,2003-08-01,"1,910.85",2003,8,8/2003
43,41,1,2003-08-02,"3,602.00",2003,8,8/2003
44,38,1,2003-08-02,935.50,2003,8,8/2003
45,43,1,2003-08-05,776.20,2003,8,8/2003
46,44,1,2003-08-05,"1,048.25",2003,8,8/2003
47,45,1,2003-08-05,509.00,2003,8,8/2003
48,46,1,2003-08-05,166.70,2003,8,8/2003
49,47,1,2003-08-05,934.50,2003,8,8/2003
50,48,1,2003-08-05,418.50,2003,8,8/2003
51,49,1,2003-08-05,"1,137.10",2003,8,8/2003
52,50,1,2003-08-05,15.10,2003,8,8/2003
53,42,1,2003-08-06,"2,305.00",2003,8,8/2003
54,51,1,2003-08-06,532.50,2003,8,8/2003
55,53,1,2003-08-07,124.00,2003,8,8/2003
56,52,1,2003-08-06,896.00,2003,8,8/2003
57,55,1,2003-08-08,110.20,2003,8,8/2003
58,54,1,2003-08-08,"4,000.00",2003,8,8/2003
59,56,1,2003-08-09,763.50,2003,8,8/2003
60,54,1,2003-08-09,562.50,2003,8,8/2003
61,57,1,2003-08-11,893.50,2003,8,8/2003
62,58,1,2003-08-11,789.50,2003,8,8/2003
63,59,1,2003-08-12,801.00,2003,8,8/2003
64,60,1,2003-08-13,"3,606.00",2003,8,8/2003
65,61,1,2003-08-13,370.50,2003,8,8/2003
66,62,1,2003-08-13,"1,714.00",2003,8,8/2003
67,66,1,2003-08-13,483.87,2003,8,8/2003
68,63,1,2003-08-14,"1,044.80",2003,8,8/2003
69,67,1,2003-08-14,"3,580.00",2003,8,8/2003
70,66,1,2003-08-14,837.23,2003,8,8/2003
71,68,1,2003-08-14,26.90,2003,8,8/2003
72,69,1,2003-08-14,"3,212.00",2003,8,8/2003
73,70,1,2003-08-15,602.60,2003,8,8/2003
74,73,1,2003-08-15,43.30,2003,8,8/2003
75,74,1,2003-08-15,"3,277.40",2003,8,8/2003
76,72,1,2003-08-15,76.10,2003,8,8/2003
77,75,1,2003-08-16,"1,542.50",2003,8,8/2003
78,76,1,2003-08-16,"1,469.40",2003,8,8/2003
79,71,1,2003-08-16,"10,891.70",2003,8,8/2003
80,77,1,2003-08-16,252.00,2003,8,8/2003
81,78,1,2003-08-16,749.90,2003,8,8/2003
82,80,1,2003-08-18,235.10,2003,8,8/2003
83,79,1,2003-08-18,932.40,2003,8,8/2003
84,81,1,2003-08-18,505.00,2003,8,8/2003
85,82,1,2003-08-18,"1,070.05",2003,8,8/2003
86,83,1,2003-08-19,96.80,2003,8,8/2003
87,84,1,2003-08-19,"2,093.00",2003,8,8/2003
88,85,1,2003-08-19,456.00,2003,8,8/2003
89,86,1,2003-08-19,"2,348.20",2003,8,8/2003
90,87,1,2003-08-19,378.00,2003,8,8/2003
91,88,1,2003-08-20,"3,635.00",2003,8,8/2003
92,89,1,2003-08-20,940.20,2003,8,8/2003
93,90,1,2003-08-20,335.00,2003,8,8/2003
94,92,1,2003-08-20,809.00,2003,8,8/2003
95,91,1,2003-08-20,"1,734.15",2003,8,8/2003
96,93,1,2003-08-20,900.00,2003,8,8/2003
97,94,1,2003-08-20,25.70,2003,8,8/2003
98,95,1,2003-08-22,269.20,2003,8,8/2003
99,96,1,2003-08-22,7.80,2003,8,8/2003
100,97,1,2003-08-22,"2,072.40",2003,8,8/2003
101,98,1,2003-08-22,"2,277.00",2003,8,8/2003
102,99,1,2003-08-22,"1,189.50",2003,8,8/2003
103,102,1,2003-08-23,"1,166.50",2003,8,8/2003
104,101,1,2003-08-23,"4,879.00",2003,8,8/2003
105,103,1,2003-08-23,7.30,2003,8,8/2003
111,104,1,2003-08-25,206.60,2003,8,8/2003
112,105,1,2003-08-25,673.37,2003,8,8/2003
113,98,1,2003-08-25,188.00,2003,8,8/2003
114,106,1,2003-08-26,"1,090.00",2003,8,8/2003
115,107,1,2003-08-26,895.00,2003,8,8/2003
116,108,1,2003-08-27,"2,768.00",2003,8,8/2003
117,106,1,2003-08-26,37.95,2003,8,8/2003
118,100,1,2003-08-28,23.50,2003,8,8/2003
119,109,1,2003-08-29,"1,430.00",2003,8,8/2003
120,111,1,2003-08-30,12.40,2003,8,8/2003
121,113,1,2003-08-30,8.75,2003,8,8/2003
122,114,1,2003-08-29,400.00,2003,8,8/2003
123,108,1,2003-08-28,"1,260.00",2003,8,8/2003
124,116,1,2003-09-02,"3,134.00",2003,9,9/2003
125,117,1,2003-09-02,920.00,2003,9,9/2003
126,118,1,2003-09-01,"1,077.50",2003,9,9/2003
127,119,1,2003-09-03,37.80,2003,9,9/2003
129,121,1,2003-09-03,660.00,2003,9,9/2003
130,120,1,2003-09-03,"1,628.20",2003,9,9/2003
131,122,1,2003-09-04,20.90,2003,9,9/2003
132,124,1,2003-09-04,87.20,2003,9,9/2003
133,125,1,2003-09-05,526.30,2003,9,9/2003
134,127,1,2003-09-06,788.70,2003,9,9/2003
135,128,1,2003-09-06,"1,693.00",2003,9,9/2003
136,115,1,2003-09-06,"1,552.29",2003,9,9/2003
137,129,1,2003-09-06,"2,122.70",2003,9,9/2003
139,131,1,2003-09-09,516.00,2003,9,9/2003
140,132,1,2003-09-09,"2,399.02",2003,9,9/2003
141,133,1,2003-09-10,"1,110.00",2003,9,9/2003
142,134,1,2003-09-10,873.26,2003,9,9/2003
143,135,1,2003-09-10,"1,109.45",2003,9,9/2003
144,136,1,2003-09-11,1.70,2003,9,9/2003
145,137,1,2003-09-11,362.90,2003,9,9/2003
146,126,1,2003-09-12,"6,534.80",2003,9,9/2003
147,138,1,2003-09-12,"4,000.00",2003,9,9/2003
148,139,1,2003-09-15,"2,517.00",2003,9,9/2003
149,140,1,2003-09-16,909.92,2003,9,9/2003
150,141,1,2003-09-13,"1,729.24",2003,9,9/2003
151,142,1,2003-09-15,7.60,2003,9,9/2003
152,143,1,2003-09-15,22.90,2003,9,9/2003
153,144,1,2003-09-17,690.44,2003,9,9/2003
154,145,1,2003-09-17,"3,563.00",2003,9,9/2003
155,146,1,2003-09-17,"1,362.40",2003,9,9/2003
156,147,1,2003-09-17,965.81,2003,9,9/2003
158,149,1,2003-09-18,875.20,2003,9,9/2003
159,150,1,2003-09-18,9.70,2003,9,9/2003
160,152,1,2003-09-19,4.30,2003,9,9/2003
161,153,1,2003-09-19,9.70,2003,9,9/2003
162,155,1,2003-09-23,140.90,2003,9,9/2003
163,158,1,2003-09-23,726.30,2003,9,9/2003
164,159,1,2003-09-23,769.45,2003,9,9/2003
165,160,1,2003-09-24,993.49,2003,9,9/2003
166,165,1,2003-09-24,"3,527.05",2003,9,9/2003
167,164,1,2003-09-24,13.20,2003,9,9/2003
168,154,1,2003-09-25,"1,518.00",2003,9,9/2003
169,166,1,2003-09-26,100.60,2003,9,9/2003
170,167,1,2003-09-26,463.80,2003,9,9/2003
171,161,1,2003-09-25,739.60,2003,9,9/2003
172,168,1,2003-09-29,"1,823.61",2003,9,9/2003
173,170,1,2003-09-29,116.40,2003,9,9/2003
174,171,1,2003-09-27,40.20,2003,9,9/2003
175,172,1,2003-09-29,49.90,2003,9,9/2003
176,173,1,2003-10-01,"1,300.81",2003,10,10/2003
177,175,1,2003-10-01,"3,653.33",2003,10,10/2003
178,176,1,2003-09-30,65.15,2003,9,9/2003
179,177,1,2003-09-30,2.20,2003,9,9/2003
180,178,1,2003-10-01,170.41,2003,10,10/2003
181,179,1,2003-10-02,"1,639.43",2003,10,10/2003
182,180,1,2003-10-02,"1,160.50",2003,10,10/2003
183,182,1,2003-10-02,206.00,2003,10,10/2003
184,183,1,2003-10-02,433.75,2003,10,10/2003
185,184,1,2003-10-02,13.40,2003,10,10/2003
186,185,1,2003-10-03,45.60,2003,10,10/2003
187,186,1,2003-10-01,148.44,2003,10,10/2003
188,187,1,2003-10-03,477.00,2003,10,10/2003
189,181,1,2003-10-02,"1,065.40",2003,10,10/2003
190,189,1,2003-10-06,116.70,2003,10,10/2003
191,190,1,2003-10-06,"2,283.85",2003,10,10/2003
192,191,1,2003-10-06,"2,150.40",2003,10,10/2003
193,192,1,2003-10-06,318.70,2003,10,10/2003
194,193,1,2003-10-06,"2,487.77",2003,10,10/2003
195,195,1,2003-10-06,143.20,2003,10,10/2003
196,194,1,2003-10-07,6.20,2003,10,10/2003
197,197,1,2003-10-07,"3,347.47",2003,10,10/2003
198,196,1,2003-10-07,"6,516.35",2003,10,10/2003
199,198,1,2003-10-08,528.75,2003,10,10/2003
200,199,1,2003-10-08,10.90,2003,10,10/2003
201,197,1,2003-10-08,652.53,2003,10,10/2003
202,201,1,2003-10-08,99.58,2003,10,10/2003
203,202,1,2003-10-08,913.54,2003,10,10/2003
204,203,1,2003-10-09,104.40,2003,10,10/2003
205,204,1,2003-10-09,"2,848.29",2003,10,10/2003
206,202,1,2003-10-09,128.25,2003,10,10/2003
207,205,1,2003-10-10,9.79,2003,10,10/2003
208,206,1,2003-10-10,"5,765.63",2003,10,10/2003
209,207,1,2003-10-10,"1,573.67",2003,10,10/2003
210,193,1,2003-10-10,163.13,2003,10,10/2003
211,209,1,2003-10-13,193.00,2003,10,10/2003
212,210,1,2003-10-13,141.80,2003,10,10/2003
213,211,1,2003-10-13,"2,468.76",2003,10,10/2003
214,212,1,2003-10-13,"1,227.00",2003,10,10/2003
215,213,1,2003-10-14,168.45,2003,10,10/2003
216,214,1,2003-10-14,162.00,2003,10,10/2003
217,215,1,2003-10-15,935.00,2003,10,10/2003
218,216,1,2003-10-16,"3,104.75",2003,10,10/2003
219,217,1,2003-10-16,84.60,2003,10,10/2003
220,218,1,2003-10-16,"2,310.23",2003,10,10/2003
221,220,1,2003-10-18,"2,343.23",2003,10,10/2003
222,221,1,2003-10-17,"3,144.80",2003,10,10/2003
224,101,1,2003-08-23,88.90,2003,8,8/2003
225,222,1,2003-10-20,"1,518.81",2003,10,10/2003
226,223,1,2003-10-20,"1,537.29",2003,10,10/2003
227,224,1,2003-10-20,272.71,2003,10,10/2003
228,225,1,2003-10-20,512.50,2003,10,10/2003
229,226,1,2003-10-21,167.59,2003,10,10/2003
230,227,1,2003-10-21,727.27,2003,10,10/2003
231,228,1,2003-10-21,229.25,2003,10,10/2003
232,227,1,2003-10-22,64.24,2003,10,10/2003
233,230,1,2003-10-22,"1,801.00",2003,10,10/2003
234,231,1,2003-10-22,"1,715.50",2003,10,10/2003
235,235,1,2003-10-23,"5,898.00",2003,10,10/2003
236,234,1,2003-10-23,267.87,2003,10,10/2003
237,233,1,2003-10-23,"2,564.36",2003,10,10/2003
238,236,1,2003-10-23,127.50,2003,10,10/2003
239,238,1,2003-10-24,702.50,2003,10,10/2003
240,229,1,2003-10-24,"4,870.80",2003,10,10/2003
241,239,1,2003-10-24,198.30,2003,10,10/2003
242,237,1,2003-10-24,155.20,2003,10,10/2003
243,232,1,2003-10-24,0.00,2003,10,10/2003
244,240,1,2003-10-24,14.40,2003,10,10/2003
245,241,1,2003-10-24,222.25,2003,10,10/2003
246,242,1,2003-10-25,111.35,2003,10,10/2003
247,208,1,2003-10-27,9.60,2003,10,10/2003
248,244,1,2003-10-27,488.20,2003,10,10/2003
249,243,1,2003-10-27,219.35,2003,10,10/2003
250,245,1,2003-10-27,274.44,2003,10,10/2003
251,246,1,2003-10-28,94.00,2003,10,10/2003
252,247,1,2003-10-28,540.60,2003,10,10/2003
253,249,1,2003-10-28,16.80,2003,10,10/2003
254,250,1,2003-10-29,119.45,2003,10,10/2003
255,251,1,2003-10-29,148.20,2003,10,10/2003
256,252,1,2003-10-30,157.60,2003,10,10/2003
257,255,1,2003-10-30,98.15,2003,10,10/2003
258,253,1,2003-10-31,246.35,2003,10,10/2003
259,256,1,2003-10-31,"1,199.00",2003,10,10/2003
260,258,1,2003-10-31,122.65,2003,10,10/2003
261,259,1,2003-11-03,"1,990.40",2003,11,11/2003
262,262,1,2003-11-03,"1,976.79",2003,11,11/2003
263,257,1,2003-11-03,"6,655.30",2003,11,11/2003
264,264,1,2003-11-04,874.84,2003,11,11/2003
265,261,1,2003-11-04,139.55,2003,11,11/2003
266,263,1,2003-11-04,224.95,2003,11,11/2003
267,265,1,2003-11-05,12.00,2003,11,11/2003
268,266,1,2003-11-05,21.30,2003,11,11/2003
269,268,1,2003-11-05,5.40,2003,11,11/2003
270,269,1,2003-11-06,"1,211.00",2003,11,11/2003
271,270,1,2003-11-06,148.85,2003,11,11/2003
272,260,1,2003-11-01,5.20,2003,11,11/2003
273,271,1,2003-11-07,226.05,2003,11,11/2003
274,272,1,2003-11-10,286.85,2003,11,11/2003
275,273,1,2003-11-10,887.90,2003,11,11/2003
276,275,1,2003-11-10,"3,126.25",2003,11,11/2003
277,276,1,2003-11-11,208.50,2003,11,11/2003
278,274,1,2003-11-10,121.75,2003,11,11/2003
279,277,1,2003-11-10,13.62,2003,11,11/2003
280,282,2,2003-11-12,138.20,2003,11,11/2003
281,283,2,2003-11-12,59.75,2003,11,11/2003
282,284,2,2003-11-12,290.25,2003,11,11/2003
283,280,1,2003-11-12,235.00,2003,11,11/2003
284,285,1,2003-11-12,201.20,2003,11,11/2003
285,286,1,2003-11-13,298.75,2003,11,11/2003
286,289,1,2003-11-13,126.60,2003,11,11/2003
287,288,2,2003-11-14,457.50,2003,11,11/2003
288,290,1,2003-11-14,175.20,2003,11,11/2003
289,291,1,2003-11-14,128.90,2003,11,11/2003
290,278,1,2003-11-11,52.05,2003,11,11/2003
291,292,1,2003-11-17,435.30,2003,11,11/2003
292,293,1,2003-11-17,273.30,2003,11,11/2003
293,294,1,2003-11-17,824.00,2003,11,11/2003
294,295,1,2003-11-17,"1,220.30",2003,11,11/2003
295,296,1,2003-11-17,3.05,2003,11,11/2003
296,297,2,2003-11-18,210.30,2003,11,11/2003
297,267,2,2003-11-18,"1,664.43",2003,11,11/2003
298,298,1,2003-11-18,151.90,2003,11,11/2003
299,299,1,2003-11-18,"1,585.70",2003,11,11/2003
300,300,1,2003-11-18,284.00,2003,11,11/2003
301,303,1,2003-11-19,852.00,2003,11,11/2003
302,304,1,2003-11-19,790.65,2003,11,11/2003
303,305,1,2003-11-20,282.70,2003,11,11/2003
304,306,1,2003-11-20,144.00,2003,11,11/2003
305,308,1,2003-11-20,155.00,2003,11,11/2003
306,309,1,2003-11-21,47.50,2003,11,11/2003
309,313,1,2003-11-22,9.70,2003,11,11/2003
310,315,1,2003-11-24,668.90,2003,11,11/2003
311,316,1,2003-11-24,482.00,2003,11,11/2003
312,317,1,2003-11-24,"4,433.00",2003,11,11/2003
313,281,1,2003-11-25,92.00,2003,11,11/2003
314,318,1,2003-11-25,330.00,2003,11,11/2003
315,319,1,2003-11-25,259.15,2003,11,11/2003
316,320,1,2003-11-26,310.51,2003,11,11/2003
317,321,1,2003-11-26,"1,004.64",2003,11,11/2003
318,322,1,2003-11-26,895.35,2003,11,11/2003
319,307,1,2003-11-28,"1,288.60",2003,11,11/2003
320,324,1,2003-11-28,711.40,2003,11,11/2003
321,325,1,2003-11-28,300.15,2003,11,11/2003
322,326,1,2003-11-28,727.50,2003,11,11/2003
323,323,1,2003-11-28,"1,320.50",2003,11,11/2003
324,332,1,2003-12-01,150.75,2003,12,12/2003
325,328,1,2003-11-28,23.45,2003,11,11/2003
326,314,1,2003-11-22,"6,654.15",2003,11,11/2003
327,311,1,2003-12-01,"2,010.05",2003,12,12/2003
328,330,2,2003-12-01,18.20,2003,12,12/2003
329,329,1,2003-11-29,"9,944.30",2003,11,11/2003
330,335,1,2003-12-01,980.00,2003,12,12/2003
331,334,1,2003-12-01,151.00,2003,12,12/2003
332,333,1,2003-12-01,"1,525.91",2003,12,12/2003
333,337,1,2003-12-02,203.85,2003,12,12/2003
334,338,1,2003-12-02,"1,995.50",2003,12,12/2003
335,339,1,2003-12-02,82.00,2003,12,12/2003
336,343,1,2003-12-03,629.50,2003,12,12/2003
337,342,1,2003-12-03,177.50,2003,12,12/2003
338,341,1,2003-12-03,"1,075.40",2003,12,12/2003
339,340,1,2003-12-03,"2,181.40",2003,12,12/2003
340,336,1,2003-12-03,"2,320.00",2003,12,12/2003
341,344,1,2003-12-06,121.15,2003,12,12/2003
342,347,1,2003-12-06,49.74,2003,12,12/2003
343,349,1,2003-12-08,358.10,2003,12,12/2003
344,345,1,2003-12-09,"1,324.90",2003,12,12/2003
345,354,1,2003-12-09,770.00,2003,12,12/2003
346,350,1,2003-12-09,526.50,2003,12,12/2003
347,356,1,2003-12-09,42.75,2003,12,12/2003
348,353,1,2003-12-09,"5,219.70",2003,12,12/2003
349,352,1,2003-12-09,409.80,2003,12,12/2003
350,346,1,2003-12-09,"2,464.40",2003,12,12/2003
351,360,1,2003-12-10,3.20,2003,12,12/2003
352,358,1,2003-12-10,105.50,2003,12,12/2003
353,361,1,2003-12-10,168.15,2003,12,12/2003
354,359,2,2003-12-10,296.50,2003,12,12/2003
355,364,1,2003-12-12,"3,720.60",2003,12,12/2003
356,362,1,2003-12-12,472.30,2003,12,12/2003
357,363,1,2003-12-12,17.20,2003,12,12/2003
358,355,2,2003-12-12,215.20,2003,12,12/2003
359,365,2,2003-12-12,827.60,2003,12,12/2003
360,367,1,2003-12-12,"1,123.40",2003,12,12/2003
361,368,1,2003-12-12,147.00,2003,12,12/2003
362,372,1,2003-12-15,"1,956.25",2003,12,12/2003
363,369,1,2003-12-15,636.75,2003,12,12/2003
364,371,1,2003-12-15,93.50,2003,12,12/2003
365,373,1,2003-12-16,321.65,2003,12,12/2003
366,374,1,2003-12-16,610.35,2003,12,12/2003
367,375,2,2003-12-18,"1,473.07",2003,12,12/2003
368,376,1,2003-12-18,67.75,2003,12,12/2003
369,377,1,2003-12-18,"1,491.10",2003,12,12/2003
370,378,1,2003-12-18,"4,258.94",2003,12,12/2003
371,379,1,2003-12-18,747.45,2003,12,12/2003
372,380,1,2003-12-19,353.25,2003,12,12/2003
373,383,1,2003-12-19,4.00,2003,12,12/2003
374,384,1,2003-12-19,12.40,2003,12,12/2003
375,385,1,2003-12-19,24.00,2003,12,12/2003
376,386,1,2003-12-19,"3,425.60",2003,12,12/2003
377,382,1,2003-12-19,259.00,2003,12,12/2003
378,387,1,2003-12-19,2.30,2003,12,12/2003
379,389,1,2003-12-20,135.00,2003,12,12/2003
380,390,1,2003-12-22,"2,380.95",2003,12,12/2003
381,391,1,2003-12-22,23.40,2003,12,12/2003
382,393,1,2003-12-22,"1,218.71",2003,12,12/2003
383,395,1,2003-12-22,283.00,2003,12,12/2003
384,394,1,2003-12-22,90.00,2003,12,12/2003
385,392,1,2003-12-22,195.40,2003,12,12/2003
386,396,1,2003-12-23,"1,128.30",2003,12,12/2003
387,381,1,2003-12-23,488.50,2003,12,12/2003
388,397,1,2003-12-23,245.80,2003,12,12/2003
389,351,2,2003-12-23,"1,958.33",2003,12,12/2003
390,400,1,2003-12-24,"1,232.95",2003,12,12/2003
391,390,1,2003-12-25,704.05,2003,12,12/2003
392,388,1,2003-12-26,"4,449.20",2003,12,12/2003
393,399,1,2003-12-26,"5,261.74",2003,12,12/2003
394,401,1,2003-12-26,"1,153.55",2003,12,12/2003
395,402,1,2003-12-26,101.70,2003,12,12/2003
396,405,1,2003-12-27,5.90,2003,12,12/2003
397,404,1,2003-12-27,126.25,2003,12,12/2003
398,403,1,2003-12-30,"3,300.75",2003,12,12/2003
399,408,1,2003-12-30,512.70,2003,12,12/2003
400,409,1,2003-12-30,297.10,2003,12,12/2003
401,410,1,2003-12-30,645.50,2003,12,12/2003
402,406,1,2003-12-30,"1,806.40",2003,12,12/2003
403,413,1,2004-01-05,"5,586.90",2004,1,1/2004
404,411,1,2004-01-05,16.25,2004,1,1/2004
405,412,1,2004-01-05,15.80,2004,1,1/2004
406,398,1,2003-12-23,383.89,2003,12,12/2003
407,416,1,2004-01-10,822.65,2004,1,1/2004
408,420,1,2004-01-10,23.00,2004,1,1/2004
409,415,1,2004-01-10,"4,133.15",2004,1,1/2004
410,418,1,2004-01-10,"2,978.40",2004,1,1/2004
411,427,1,2004-01-14,"3,367.50",2004,1,1/2004
412,438,2,2004-01-14,213.90,2004,1,1/2004
413,432,1,2004-01-13,287.10,2004,1,1/2004
414,421,1,2004-01-12,89.40,2004,1,1/2004
415,433,1,2004-01-14,257.10,2004,1,1/2004
416,424,2,2004-01-12,147.35,2004,1,1/2004
417,439,1,2004-01-15,526.65,2004,1,1/2004
418,434,1,2004-01-14,658.00,2004,1,1/2004
419,440,1,2004-01-15,79.00,2004,1,1/2004
420,419,2,2004-01-16,843.97,2004,1,1/2004
421,430,1,2004-01-15,"2,288.85",2004,1,1/2004
422,435,1,2004-01-16,"2,105.60",2004,1,1/2004
423,444,1,2004-01-16,169.75,2004,1,1/2004
424,445,1,2004-01-16,"3,993.40",2004,1,1/2004
425,441,1,2004-01-16,407.45,2004,1,1/2004
426,443,1,2004-01-16,86.55,2004,1,1/2004
427,446,1,2004-01-16,271.50,2004,1,1/2004
428,425,1,2004-01-19,"2,815.90",2004,1,1/2004
429,431,1,2004-01-19,"1,831.30",2004,1,1/2004
430,451,1,2004-01-19,"5,128.40",2004,1,1/2004
431,453,1,2004-01-19,896.30,2004,1,1/2004
432,452,1,2004-01-20,874.15,2004,1,1/2004
433,454,1,2004-01-20,841.30,2004,1,1/2004
434,455,1,2004-01-19,4.40,2004,1,1/2004
435,468,1,2004-01-23,"4,048.95",2004,1,1/2004
436,474,1,2004-01-23,"4,740.35",2004,1,1/2004
437,467,1,2004-01-23,"2,045.00",2004,1,1/2004
438,464,1,2004-01-23,"2,178.10",2004,1,1/2004
439,472,1,2004-01-23,311.00,2004,1,1/2004
440,447,1,2004-01-23,3.70,2004,1,1/2004
441,459,2,2004-01-24,"4,470.26",2004,1,1/2004
442,448,1,2004-01-24,"5,190.31",2004,1,1/2004
443,470,1,2004-01-24,"1,324.60",2004,1,1/2004
444,471,1,2004-01-24,2.30,2004,1,1/2004
445,460,1,2004-01-24,595.40,2004,1,1/2004
446,473,1,2004-01-24,454.00,2004,1,1/2004
447,462,1,2004-01-24,308.00,2004,1,1/2004
448,469,1,2004-01-24,862.75,2004,1,1/2004
449,450,1,2004-01-24,15.00,2004,1,1/2004
450,449,1,2004-01-24,89.50,2004,1,1/2004
451,463,1,2004-01-24,35.55,2004,1,1/2004
452,348,2,2004-01-24,"1,505.55",2004,1,1/2004
453,461,1,2004-01-24,82.65,2004,1,1/2004
454,428,2,2004-01-24,329.10,2004,1,1/2004
455,442,2,2004-01-24,218.60,2004,1,1/2004
456,457,2,2004-01-24,200.40,2004,1,1/2004
457,475,1,2004-01-24,198.95,2004,1,1/2004
458,478,1,2004-01-26,310.40,2004,1,1/2004
459,486,1,2004-01-26,375.60,2004,1,1/2004
460,476,2,2004-01-26,863.00,2004,1,1/2004
461,487,1,2004-01-26,"1,743.20",2004,1,1/2004
462,488,1,2004-01-26,223.00,2004,1,1/2004
463,477,1,2004-01-26,261.25,2004,1,1/2004
464,485,1,2004-01-28,"4,268.00",2004,1,1/2004
465,492,1,2004-01-28,686.60,2004,1,1/2004
466,495,1,2004-01-30,"1,154.00",2004,1,1/2004
467,497,1,2004-01-30,"1,810.20",2004,1,1/2004
468,489,1,2004-01-30,"2,870.20",2004,1,1/2004
469,491,1,2004-01-30,343.00,2004,1,1/2004
470,498,1,2004-01-30,332.35,2004,1,1/2004
471,490,2,2004-01-30,364.80,2004,1,1/2004
472,501,1,2004-01-31,3.10,2004,1,1/2004
473,500,1,2004-01-31,125.40,2004,1,1/2004
474,499,1,2004-02-03,"3,713.60",2004,2,2/2004
475,505,1,2004-02-03,463.25,2004,2,2/2004
476,509,1,2004-02-03,328.00,2004,2,2/2004
477,510,1,2004-02-03,625.10,2004,2,2/2004
478,503,1,2004-02-03,"1,184.80",2004,2,2/2004
479,508,1,2004-02-03,154.80,2004,2,2/2004
481,502,1,2004-02-03,90.50,2004,2,2/2004
482,504,1,2004-02-03,75.10,2004,2,2/2004
483,519,1,2004-02-06,"1,576.70",2004,2,2/2004
484,517,1,2004-02-06,"3,724.50",2004,2,2/2004
485,513,1,2004-02-04,96.70,2004,2,2/2004
486,516,1,2004-02-05,89.00,2004,2,2/2004
487,514,1,2004-02-05,175.45,2004,2,2/2004
488,493,2,2004-02-06,"2,237.12",2004,2,2/2004
489,506,1,2004-02-02,"7,964.84",2004,2,2/2004
490,507,2,2004-02-06,"1,022.32",2004,2,2/2004
491,523,1,2004-02-06,"1,262.70",2004,2,2/2004
492,532,1,2004-02-07,231.30,2004,2,2/2004
493,533,1,2004-02-09,"1,127.70",2004,2,2/2004
494,522,1,2004-02-07,208.75,2004,2,2/2004
495,526,1,2004-02-07,766.00,2004,2,2/2004
496,536,1,2004-02-09,444.50,2004,2,2/2004
497,524,1,2004-02-06,"5,520.20",2004,2,2/2004
498,542,1,2004-02-10,"1,782.00",2004,2,2/2004
499,538,1,2004-02-09,870.35,2004,2,2/2004
500,535,1,2004-02-09,268.90,2004,2,2/2004
501,543,1,2004-02-10,422.10,2004,2,2/2004
502,527,1,2004-02-07,216.20,2004,2,2/2004
503,534,1,2004-02-09,583.80,2004,2,2/2004
504,540,1,2004-02-10,"5,581.75",2004,2,2/2004
505,560,2,2004-02-20,897.59,2004,2,2/2004
506,541,1,2004-02-20,"6,527.00",2004,2,2/2004
507,566,1,2004-02-20,698.60,2004,2,2/2004
508,567,1,2004-02-20,"2,495.50",2004,2,2/2004
509,557,1,2004-02-16,251.85,2004,2,2/2004
510,565,1,2004-02-14,657.00,2004,2,2/2004
511,552,1,2004-02-13,481.00,2004,2,2/2004
512,564,1,2004-02-16,517.60,2004,2,2/2004
513,562,1,2004-02-16,"4,710.82",2004,2,2/2004
514,572,1,2004-02-18,"1,968.00",2004,2,2/2004
515,553,1,2004-02-13,20.40,2004,2,2/2004
516,550,1,2004-02-12,406.45,2004,2,2/2004
517,576,1,2004-02-20,122.00,2004,2,2/2004
518,521,2,2004-02-20,"2,486.70",2004,2,2/2004
519,547,1,2004-02-12,649.20,2004,2,2/2004
520,544,1,2004-02-11,390.85,2004,2,2/2004
521,555,1,2004-02-16,316.55,2004,2,2/2004
522,539,1,2004-02-10,"1,138.00",2004,2,2/2004
523,549,1,2004-02-12,"3,497.10",2004,2,2/2004
524,559,1,2004-02-16,393.30,2004,2,2/2004
525,546,1,2004-02-12,411.15,2004,2,2/2004
526,563,1,2004-02-16,261.60,2004,2,2/2004
527,573,1,2004-02-19,79.10,2004,2,2/2004
528,569,1,2004-02-16,321.50,2004,2,2/2004
529,512,2,2004-02-20,"3,504.96",2004,2,2/2004
530,494,1,2004-02-20,"4,010.26",2004,2,2/2004
531,518,2,2004-02-20,"1,599.80",2004,2,2/2004
532,558,1,2004-02-20,527.20,2004,2,2/2004
533,568,2,2004-02-16,366.90,2004,2,2/2004
534,570,2,2004-02-17,704.32,2004,2,2/2004
535,574,1,2004-02-21,"8,771.64",2004,2,2/2004
536,583,1,2004-02-24,93.60,2004,2,2/2004
537,604,1,2004-02-27,52.30,2004,2,2/2004
538,598,1,2004-02-25,"1,312.45",2004,2,2/2004
539,619,1,2004-03-02,196.00,2004,3,3/2004
540,599,1,2004-02-25,"1,231.60",2004,2,2/2004
541,575,1,2004-02-20,"6,399.20",2004,2,2/2004
542,588,1,2004-02-24,"7,033.90",2004,2,2/2004
543,594,1,2004-02-25,561.00,2004,2,2/2004
544,609,1,2004-02-28,"2,724.90",2004,2,2/2004
545,616,1,2004-03-02,"2,597.00",2004,3,3/2004
546,589,1,2004-02-24,886.75,2004,2,2/2004
547,602,1,2004-02-26,955.80,2004,2,2/2004
548,614,1,2004-03-01,817.75,2004,3,3/2004
549,622,1,2004-03-02,305.25,2004,3,3/2004
550,571,1,2004-02-18,"2,050.30",2004,2,2/2004
551,587,1,2004-02-24,"4,342.25",2004,2,2/2004
552,592,1,2004-02-25,"2,744.65",2004,2,2/2004
553,597,1,2004-02-25,498.70,2004,2,2/2004
554,611,1,2004-03-01,165.20,2004,3,3/2004
555,600,1,2004-02-26,842.75,2004,2,2/2004
556,577,1,2004-02-20,"2,451.90",2004,2,2/2004
557,601,1,2004-02-26,681.70,2004,2,2/2004
558,605,1,2004-03-01,"2,517.70",2004,3,3/2004
559,606,1,2004-03-01,378.00,2004,3,3/2004
560,586,1,2004-03-01,"3,566.74",2004,3,3/2004
561,582,1,2004-02-23,491.80,2004,2,2/2004
562,590,1,2004-02-24,529.60,2004,2,2/2004
563,621,1,2004-03-02,876.40,2004,3,3/2004
564,613,2,2004-03-01,466.10,2004,3,3/2004
565,612,1,2004-03-01,"3,009.35",2004,3,3/2004
566,624,1,2004-03-03,"1,215.60",2004,3,3/2004
567,654,1,2004-03-12,209.60,2004,3,3/2004
568,615,1,2004-02-28,684.39,2004,2,2/2004
569,643,1,2004-03-22,"6,661.00",2004,3,3/2004
570,682,1,2004-03-24,907.00,2004,3,3/2004
571,633,1,2004-03-04,"3,236.94",2004,3,3/2004
572,618,1,2004-03-02,"1,485.20",2004,3,3/2004
573,636,1,2004-03-05,435.90,2004,3,3/2004
574,608,1,2004-03-01,"3,541.21",2004,3,3/2004
575,603,1,2004-03-17,"8,836.99",2004,3,3/2004
576,653,1,2004-03-12,201.35,2004,3,3/2004
577,591,1,2004-02-25,260.85,2004,2,2/2004
578,610,1,2004-03-02,364.00,2004,3,3/2004
579,620,1,2004-03-02,117.80,2004,3,3/2004
580,617,1,2004-03-02,241.50,2004,3,3/2004
581,627,1,2004-03-03,704.75,2004,3,3/2004
582,687,1,2004-03-26,"2,066.75",2004,3,3/2004
583,688,2,2004-04-09,"2,529.67",2004,4,4/2004
584,637,1,2004-03-06,446.20,2004,3,3/2004
585,659,1,2004-03-15,387.00,2004,3,3/2004
586,666,1,2004-03-17,407.30,2004,3,3/2004
587,631,1,2004-03-04,841.00,2004,3,3/2004
588,635,1,2004-03-05,"8,048.15",2004,3,3/2004
589,650,1,2004-03-11,"1,032.00",2004,3,3/2004
590,661,1,2004-03-16,"5,049.70",2004,3,3/2004
591,664,1,2004-03-17,326.30,2004,3,3/2004
592,669,1,2004-03-18,"4,864.40",2004,3,3/2004
593,672,1,2004-03-19,960.00,2004,3,3/2004
594,680,1,2004-03-23,754.80,2004,3,3/2004
595,700,1,2004-04-02,951.05,2004,4,4/2004
596,711,1,2004-04-10,"2,407.10",2004,4,4/2004
597,670,1,2004-03-19,"1,142.00",2004,3,3/2004
598,686,1,2004-03-25,"1,935.30",2004,3,3/2004
599,699,1,2004-04-01,"1,278.00",2004,4,4/2004
600,578,1,2004-02-21,57.80,2004,2,2/2004
601,607,1,2004-02-28,6.20,2004,2,2/2004
602,651,1,2004-04-10,0.00,2004,4,4/2004
603,657,1,2004-03-13,70.35,2004,3,3/2004
604,701,1,2004-04-03,26.75,2004,4,4/2004
605,710,1,2004-04-09,7.90,2004,4,4/2004
606,585,1,2004-02-24,0.00,2004,2,2/2004
607,660,1,2004-03-15,"20,534.70",2004,3,3/2004
608,691,1,2004-03-29,649.90,2004,3,3/2004
609,647,1,2004-03-11,"1,171.80",2004,3,3/2004
610,679,1,2004-03-23,833.40,2004,3,3/2004
611,667,1,2004-03-17,718.70,2004,3,3/2004
612,677,1,2004-03-22,117.80,2004,3,3/2004
613,683,1,2004-03-24,138.20,2004,3,3/2004
614,697,1,2004-03-30,"1,100.45",2004,3,3/2004
615,694,2,2004-04-10,340.44,2004,4,4/2004
616,656,1,2004-03-13,643.50,2004,3,3/2004
617,705,1,2004-04-05,440.10,2004,4,4/2004
618,630,1,2004-03-04,247.90,2004,3,3/2004
619,634,1,2004-03-05,294.60,2004,3,3/2004
620,640,1,2004-03-09,474.45,2004,3,3/2004
621,652,1,2004-03-12,353.30,2004,3,3/2004
622,681,1,2004-03-24,548.45,2004,3,3/2004
623,707,1,2003-04-06,343.30,2003,4,4/2003
624,696,2,2004-04-01,"1,502.17",2004,4,4/2004
625,628,1,2004-03-04,211.10,2004,3,3/2004
626,632,1,2004-03-04,8.70,2004,3,3/2004
627,706,1,2004-04-06,581.60,2004,4,4/2004
628,735,1,2004-04-22,702.00,2004,4,4/2004
629,595,1,2004-03-01,"1,721.40",2004,3,3/2004
630,623,1,2004-03-02,"4,020.20",2004,3,3/2004
631,642,1,2004-03-10,"5,030.00",2004,3,3/2004
632,665,1,2004-03-17,"8,408.60",2004,3,3/2004
633,668,1,2004-03-25,100.00,2004,3,3/2004
634,690,1,2004-04-29,740.20,2004,4,4/2004
635,731,1,2004-04-19,630.75,2004,4,4/2004
636,720,1,2004-04-15,969.50,2004,4,4/2004
637,704,1,2004-04-05,"1,047.12",2004,4,4/2004
638,704,1,2004-04-07,426.28,2004,4,4/2004
639,668,1,2004-03-25,503.42,2004,3,3/2004
640,668,1,2004-03-29,289.47,2004,3,3/2004
641,668,1,2004-04-07,996.06,2004,4,4/2004
642,668,1,2004-04-23,785.34,2004,4,4/2004
643,668,1,2004-04-19,924.96,2004,4,4/2004
644,668,1,2004-04-22,"1,625.55",2004,4,4/2004
645,717,1,2004-04-14,"8,215.45",2004,4,4/2004
646,712,1,2004-04-10,614.70,2004,4,4/2004
647,736,1,2004-04-22,755.20,2004,4,4/2004
648,641,1,2004-03-09,"2,050.45",2004,3,3/2004
649,655,1,2004-03-13,880.90,2004,3,3/2004
650,662,1,2004-03-17,"2,534.35",2004,3,3/2004
651,675,1,2004-03-22,"1,965.80",2004,3,3/2004
652,703,1,2004-04-05,"1,021.70",2004,4,4/2004
653,713,1,2004-04-12,"1,579.00",2004,4,4/2004
654,729,1,2004-04-19,"1,048.20",2004,4,4/2004
655,716,1,2004-04-14,224.10,2004,4,4/2004
656,714,1,2004-04-13,176.37,2004,4,4/2004
657,714,1,2004-04-14,9.13,2004,4,4/2004
658,702,1,2004-04-05,162.30,2004,4,4/2004
659,702,1,2004-04-13,19.10,2004,4,4/2004
660,693,1,2004-03-29,79.30,2004,3,3/2004
661,689,1,2004-04-29,337.25,2004,4,4/2004
662,658,1,2004-04-15,109.00,2004,4,4/2004
663,701,1,2004-04-08,45.55,2004,4,4/2004
664,673,1,2004-03-19,286.60,2004,3,3/2004
665,676,1,2004-03-22,235.90,2004,3,3/2004
666,718,1,2004-04-15,125.60,2004,4,4/2004
667,734,1,2004-04-21,106.95,2004,4,4/2004
668,732,1,2004-04-20,62.90,2004,4,4/2004
669,728,1,2004-04-19,180.05,2004,4,4/2004
670,724,1,2004-04-23,134.30,2004,4,4/2004
671,727,1,2004-04-17,10.85,2004,4,4/2004
672,719,1,2004-04-15,58.80,2004,4,4/2004
673,708,1,2004-04-07,"1,946.25",2004,4,4/2004
674,715,1,2004-04-13,"2,261.37",2004,4,4/2004
675,737,1,2004-04-23,349.40,2004,4,4/2004
676,678,2,2004-03-30,313.70,2004,3,3/2004
677,723,1,2004-04-15,"2,443.28",2004,4,4/2004
678,723,1,2004-04-17,"1,062.40",2004,4,4/2004
679,740,1,2004-04-23,841.00,2004,4,4/2004
680,739,1,2004-04-23,4.10,2004,4,4/2004
681,726,1,2004-04-16,28.30,2004,4,4/2004
682,709,2,2004-04-08,"3,263.70",2004,4,4/2004
683,721,1,2004-04-15,"3,043.45",2004,4,4/2004
684,722,1,2004-04-15,"2,767.70",2004,4,4/2004
685,639,1,2004-03-06,298.22,2004,3,3/2004
686,646,1,2004-03-10,80.80,2004,3,3/2004
687,695,1,2004-03-30,205.00,2004,3,3/2004
688,738,1,2004-04-23,"1,840.00",2004,4,4/2004
689,668,1,2004-05-05,"1,919.72",2004,5,5/2004
690,767,1,2004-05-17,"6,384.39",2004,5,5/2004
691,789,2,2004-05-19,"1,595.50",2004,5,5/2004
692,1864,1,2005-08-22,625.00,2005,8,8/2005
693,1864,1,2005-09-10,526.32,2005,9,9/2005
694,1510,1,2005-02-22,"4,961.20",2005,2,2/2005
695,1526,1,2005-03-01,"4,409.80",2005,3,3/2005
696,1531,1,2005-03-01,"1,318.00",2005,3,3/2005
697,1541,1,2005-03-09,954.95,2005,3,3/2005
698,1546,1,2005-03-11,"1,233.00",2005,3,3/2005
699,1662,1,2005-06-04,"2,163.60",2005,6,6/2005
